Index,Title-EN,Raga-EN,Tala-EN,Title-SA,Raga-SA,Tala-SA,Mismatch-Reason
6,anatabālakṛṣṇa,īśamanohari,Unknown,अनतबालकृष्ण,ईशमनोहरि२ (२८),आदि,"Scores: T=100.0, R=95.7, TL=0.0"
8,abhayāmbā jagadambā,kalyāṇi,ādi,अभयाम्बानायक वरदायक,कल्याणि (६५),आदि,"Scores: T=66.7, R=100.0, TL=100.0"
13,abhayāmbikāyai,yadukulakāmbhoji,rūpakam,अभयाम्बिकायै,यदुकुलकाम्भोजि (२८),Unknown,"Scores: T=100.0, R=100.0, TL=0.0"
19,avyājakaruṇākatākṣi,sālanganāṭa,triputa,दिव्यालंकृताङ्गश्रिये,सालङ्गनाट (१५),त्रिपुट,"Scores: T=51.3, R=100.0, TL=100.0"
20,aksayalingavibho,śaṅkarābharaṇam,Unknown,अक्षयलिङ्गविभो,शङ्कराभरणम् (२९),मिश्र चापु,"Scores: T=100.0, R=100.0, TL=0.0"
24,āandāmrtākarṣiṇi,amr,miśra cāpu,आनन्दामृताकार्षिणि,अमृतवर्षणि (६६),आदि,"Scores: T=97.0, R=40.0, TL=30.8"
25,[SYNCED] आनन्देश्वरेण,ānandabhairavi,Unknown,आनन्देश्वरेण,आनन्दभैरवि (२०),मिश्र चापु,"Scores: T=100.0, R=100.0, TL=0.0"
28,ucchistagaṇapatau,kāśirāmakriya,Unknown,उच्छिष्टगणपतौ,काशीरामक्रिय (५१),आदि,"Scores: T=100.0, R=100.0, TL=0.0"
29,ekadantam bhaje'ham,bilahari,miśra cāpu,एकाग्रनाथाय,बिलहरि (२१),मिश्र चापु,"Scores: T=50.0, R=100.0, TL=100.0"
30,kāmajanakapūjitāya kamanīyakandharāya,vīravasan,rūpakam,53,वीरवसन्तम (२४),रूपकम्,"Scores: T=0.0, R=81.8, TL=100.0"
34,ekāmreśanāyakīm,cāmaram,Unknown,एकाम्रशनायकीम्,चामरम् (५६),आदि,"Scores: T=93.3, R=100.0, TL=0.0"
37,kañjadaḷāyatākṣi,kamalāmanohari,Unknown,[SYNCED] kañjadaḷāyatākṣi,कमलामनोहरि (३३),Unknown,"Scores: T=100.0, R=100.0, TL=0.0"
40,kamalāmbā samraksatu mām,āandabhairavi,Unknown,कमलाम्बा संरक्षतु माम्,आनन्दभैरवि (२०),तिश्र त्रिपुट,"Scores: T=100.0, R=96.3, TL=0.0"
43,kamalāmbikāyai,kāmbhoji,Unknown,कमलाम्बिकायै,काम्भोजि (२८),अट,"Scores: T=100.0, R=100.0, TL=0.0"
45,kamalāsanavandita,śaṅkarābharaṇam,Unknown,कमलासनवन्दित,शङ्कराभरणम् (२९),चतुरश्र एकम्,"Scores: T=100.0, R=100.0, TL=0.0"
47,kalāvatī kamalāsanayuvatī,kalāvati,ādi,काञ्चीशम्,कलावति (३१),आदि,"Scores: T=30.3, R=100.0, TL=100.0"
48,kāñcīśam,śaṅkarābharaṇam,miśra cāpu,कादम्बरीप्रियायै,शङ्कराभरणम् (२९),तिश्र एकम्,"Scores: T=32.0, R=100.0, TL=60.0"
49,kādambarīpriyāyai,mohanam,Unknown,कामकोटिपीठवासिनि,मोहनम् (६५),मिश्र चापु,"Scores: T=55.6, R=100.0, TL=0.0"
50,kāmakotipīthavāsini,saugandhini,ādi,कामाक्षि कामकोटि,सौगन्धिनि (३७),आदि,"Scores: T=68.6, R=100.0, TL=100.0"
51,kāmāksi kāmakoti,sumadyuti,Unknown,कामाक्षि कामकोटि,सुमद्युति (५७),रूपकम्,"Scores: T=100.0, R=100.0, TL=0.0"
55,[SYNCED] कामेश्वरेण,śrī,Unknown,कामेश्वरेण,श्री (२२),आदि,"Scores: T=100.0, R=100.0, TL=0.0"
56,kāyārohaṇeśam,devagāndhāram,rūpakam,कायारोहणशम्,देवगान्धारम् (२२),Unknown,"Scores: T=92.3, R=100.0, TL=0.0"
58,kāśīviśālāksīm,gamakakriyā,Unknown,काशीविशालाक्षीम्,गमकक्रिया (५३),रूपकम्,"Scores: T=100.0, R=100.0, TL=0.0"
59,kāsīviśālāksīm,kāmbhoji,aṭa,काशीविश्वेश्वर,काम्भोजि (२८),अट,"Scores: T=64.3, R=100.0, TL=100.0"
60,[SYNCED] कुमारस्वामिनम्,asāveri,Unknown,कुमारस्वामिनम्,असावेरि (द),आदि,"Scores: T=100.0, R=100.0, TL=0.0"
65,kusumākaraśobhita,kusumākaram,miśra cāpu,कुसुमाकरशोभित,कुसुमाकरम् (७१),रूपकम् ३३,"Scores: T=100.0, R=100.0, TL=30.0"
66,kṛsnānandamukundamurāre,gaulipantu,Unknown,कृष्णानन्दमुकुन्दमुरारे,गौळिपन्तु (१५),मिश्र चापु,"Scores: T=100.0, R=100.0, TL=0.0"
69,kodanḍarāmam,kokilāravam,Unknown,कोदण्डरामम्,कोकिलारवम् (११),आदि,"Scores: T=100.0, R=100.0, TL=0.0"
72,gajādhīśādanyam,nā,miśra cāpu,गजाधीशादन्यम्,नाटकुरञ्जि (२८),मिश्र चापु,"Scores: T=100.0, R=30.8, TL=100.0"
76,vāṇīramaṇānandam varadam vadane dviradam varabāla guruguham,rudrapriyā,ādi,गणनायकम्,रुद्रप्रिया (२२),आदि,"Scores: T=25.7, R=100.0, TL=100.0"
81,girijayā ajayā,śaṅkarābharaṇam,ādi,गीतिचक्ररथस्थितायै,शङ्कराभरणम् (२१),आदि,"Scores: T=37.8, R=100.0, TL=100.0"
82,gīticakrarathasthitāyai,kannaḍa,miśra cāpu,107,कन्नड (२८),मिश्र चापु,"Scores: T=0.0, R=100.0, TL=100.0"
83,guṇijanādinuta,gurjjari,ādi,गुरुगुहपदपङ्कज,गुज्जरि (१५),आदि,"Scores: T=42.4, R=93.3, TL=100.0"
84,guruguhapadapankaja,śaṅkarābharaṇam,miśra cāpu,गुरुगुहभवान्तरङ्गिणीम्,शङ्कराभरणम् (२९),तिस्र एकम्,"Scores: T=60.5, R=100.0, TL=60.0"
85,guruguhabhavāntarangiņim,caturangiṇi,Unknown,[SYNCED] guruguhabhavāntarangiņim,चतुरङ्गिणि (६६),मिश्र चापु,"Scores: T=100.0, R=100.0, TL=0.0"
86,guruguha sarasija,śaṅkarābharaṇam,caturaśra ekam,गुरुगुहस्वामिनि,शङ्कराभरणम् (२१),चतुरश्र एकम्,"Scores: T=68.8, R=100.0, TL=100.0"
87,guruguhasvāmini,bhānumati,Unknown,गुरुगुहादन्यम्,भानुमति (४),खण्ड त्रिपुट,"Scores: T=69.0, R=100.0, TL=0.0"
90,gurumūrte,śaṅkarābharanaṃ,rūpakam,116,शङ्कराभरणम् (२१),रूपकम्,"Scores: T=0.0, R=100.0, TL=100.0"
91,gokarṇeśvara pāhi,saurāṣṭram,ādi,गोपालकृष्णाय नमस्ते,सौराष्ट्रम् (१५),आदि,"Scores: T=47.4, R=100.0, TL=100.0"
92,gopālakṛṣṇāya namaste,kāmbhoji,Unknown,गोवर्धनगिरीशम्,काम्भोजि (२८),आदि,"Scores: T=42.1, R=100.0, TL=0.0"
93,Unknown,hindolam,rūpakam,Unknown,हिन्दोळम् (२०),रूपकम्,"Scores: T=0.0, R=100.0, TL=100.0"
94,govindarajāya,suraṭi,rūpakam,गोविन्दराजाय,सुरटि (२८),Unknown,"Scores: T=100.0, R=100.0, TL=0.0"
95,govindarājena,mecabauli,Unknown,गोविन्दराजेन,मेचबौळि (१५),रूपकम्,"Scores: T=100.0, R=100.0, TL=0.0"
97,gauri girirājakumāri,gauri,Unknown,शिवाकारमञ्जे परशिवपर्यङ्कविहारे,गौरि (१५),रूपकम्,"Scores: T=35.7, R=100.0, TL=0.0"
101,cidambaranatarājam,kedāram,Unknown,चिदम्बरनटराजम्,केदारम् (२९),आदि,"Scores: T=100.0, R=100.0, TL=0.0"
113,tārakeśvara,śaṅkarābharanaṃ,Unknown,तारकेश्वर,शङ्कराभरणम् (२१),आदि,"Scores: T=100.0, R=100.0, TL=0.0"
116,tyāgarāja mahadhvajāroha,śrī,rūpakam,त्यागराज महध्वजारोह,श्री (२२),आदि,"Scores: T=100.0, R=100.0, TL=20.0"
117,tyāgarājayogavaibhavam,ānandabhairavi,Unknown,त्यागराजयोगवैभवम्,आनन्दभैरवि (२०),रूपकम्,"Scores: T=100.0, R=100.0, TL=0.0"
121,tyāgarājena samrakṣito'ham,sālagabhairavi,ādi,त्यागराजेन संरक्षितोऽहम्,साळगभैरवि ४६ (२२),Unknown,"Scores: T=100.0, R=90.3, TL=0.0"
126,tripurasundari namostu te,devamanohari,Unknown,त्रिपुरसुन्दरि नमोस्तु ते,देवमनोहरि (२२),आदि,"Scores: T=100.0, R=100.0, TL=0.0"
132,dāśarathe,śaṅkarābharana,rūpakam,दाशरथे,शङ्कराभरणम् (२१),तिस्र एकम्,"Scores: T=100.0, R=96.6, TL=35.3"
133,dākṣāyaṇi,toḍi,Unknown,दाक्षायणि,तोडि (द),रूपकम्,"Scores: T=100.0, R=100.0, TL=0.0"
135,dinabandho,śaṅkarābharaṇam,Unknown,दीनबन्धो,शङ्कराभरणम् (२१),तिश्र एकम्,"Scores: T=100.0, R=100.0, TL=0.0"
138,nandagopāla,yamunākalyāṇi,miśra cāpu,नन्दगोपाल,यमुनाकल्याणि (६५),आदि,"Scores: T=100.0, R=100.0, TL=30.8"
139,nabhomanicandrāgninayanam,nabhomani,Unknown,नभोमणिचन्द्राग्निनयनम्,नभोमणि (४०),मिश्र चापु,"Scores: T=100.0, R=100.0, TL=0.0"
141,namo namaste gīrvāṇi,mohanam,Unknown,नरसिंहाऽऽगच्छ,मोहनम् (६५),चापु,"Scores: T=44.4, R=100.0, TL=0.0"
142,"narasimhā""gaccha",jayaśuddhamāḷavi,triputa,नरहरिमाश्रयामि,जयशुद्धमाळवि (१८),त्रिपुट,"Scores: T=42.4, R=100.0, TL=100.0"
143,naraharimāśrayāmi,nāmadeśi,triputa,नर्मदाकावेरी,नामदेशि (५०),त्रिपुट,"Scores: T=53.3, R=100.0, TL=100.0"
144,narmadākāverī,gamakakriyā,khẩn da ekam,नवरत्नमालिनीम्,गमकक्रिया (५३),खण्ड एकम्,"Scores: T=48.3, R=100.0, TL=78.3"
145,navaratnamālinīm,navaratnavilāsam,Unknown,नवरत्नविलासविभवप्रदे,नवरत्नविलासम् (२०),Unknown,"Scores: T=51.2, R=100.0, TL=0.0"
146,navaratnavilāsavibhavaprade,nāgagāndhāri,ādi,नागगान्धारीरागनुते,नागगान्धारि (२०),आदि,"Scores: T=42.6, R=100.0, TL=100.0"
147,nāgagāndhārīrāganute,mohanam,Unknown,नागलिङ्गं नमामि,मोहनम् (६५),आदि,"Scores: T=48.6, R=100.0, TL=0.0"
148,nāgalingam namāmi,śaṅkarābharaṇam,ādi,नागलिङ्गं भजेऽहम्,शङ्कराभरणम् (२९),Unknown,"Scores: T=54.1, R=100.0, TL=0.0"
149,nāgalingam bhaje’ham,nāgābharaṇam,Unknown,नागाभरणम्,नागाभरणम् (३०),आदि,"Scores: T=43.8, R=100.0, TL=0.0"
150,nāgābharanaṃ,niṣadam,miśra cāpu,निषदादि,निषदम् (६०),मिश्र चापु,"Scores: T=30.0, R=100.0, TL=100.0"
151,niṣadādi,hindolam,rūpakam,नीरजाक्षि कामाक्षि,हिन्दोळम् (२०),रूपकम्,"Scores: T=40.0, R=100.0, TL=100.0"
152,nīrajākṣi kāmākṣi,vasan,rūpakam,नीलकण्ठ महादेव,वसन्त (१५),रूपकम्,"Scores: T=38.9, R=83.3, TL=100.0"
153,nīlantha mahādeva,nādarāmakriya,Unknown,नीलकण्ठाय नमो नमस्ते,नादरामक्रिय (१५),मिश्र चापु,"Scores: T=61.9, R=100.0, TL=0.0"
154,nīlakanthāya namo namaste,kedāragauḷa,rūpakam,नीलकण्ठं भजेऽहम्,केदारगौळ (२८),रूपकम्,"Scores: T=69.6, R=100.0, TL=100.0"
155,nīlakantham bhaje'ham,nīlāmbari,khẩn dịa ekam,नीलाङ्गम्,नीलाम्बरि (२९),Unknown,"Scores: T=48.3, R=100.0, TL=0.0"
156,nīlāṅgam,sumadyuti,ādi,नीलाचलनाथम्,सुमद्युति (५७),आदि,"Scores: T=63.6, R=100.0, TL=100.0"
157,nīlācalanātham,nārāyaṇagaula,Unknown,नीलोत्पलाम्बा जयति,नारायणगौळ (२१),मिश्र चापु,"Scores: T=42.4, R=100.0, TL=0.0"
158,nīlotpalāmbā jayati,nārīritigala,miśra cāpu,नीलोत्पलाम्बाम्,नारीरीतिगळ (२०),Unknown,"Scores: T=75.0, R=100.0, TL=0.0"
174,paradevate bhaktabhavamodini,śaṅkarābharaṇam,ādi,परदेवते भक्तभवमोदिनि,शङ्कराभरणम् (२१),रूपकम्,"Scores: T=100.0, R=100.0, TL=20.0"
176,parameśvara jagadīśvara,calanāṭa,Unknown,परमेश्वर जगदीश्वर,चलनाट (३६),आदि,"Scores: T=100.0, R=100.0, TL=0.0"
180,parimalaṟaṅganātham,hamīr kalyāṇi,rūpakam,परिमळरङ्गनाथम्,हमीर् कल्याणि (६५),Unknown,"Scores: T=100.0, R=100.0, TL=0.0"
183,paramdhāmavatī,dhāmavati,rūpakam,पर्वतराजकुमारि,धामवति (५९),रूपकम्,"Scores: T=51.6, R=100.0, TL=100.0"
184,parvatarājakumāri,śrīrañjani,ādi,पर्वतवर्धनि पाहिमाम्,श्रीरञ्जनि (२२),आदि,"Scores: T=50.0, R=100.0, TL=100.0"
185,parvatavardhani pāhimām,sāma,adi,219,साम (२१),आदि,"Scores: T=0.0, R=100.0, TL=100.0"
187,pavanātmajam,śaṅkarābharanaṃ,Unknown,पवनात्मजम्,शङ्कराभरणम् (२९),आदि,"Scores: T=100.0, R=100.0, TL=0.0"
188,śukaśaunakāditoṣita śivapantuvarāli rāgapriyamaticaturam,śivapantuvarāli,ādi,पशुपतीश्वरम्,शिवपन्तुवराळि (४५),आदि,"Scores: T=28.6, R=100.0, TL=100.0"
190,pārvatīkumāram,nā,rūpakam,पार्वतीकुमारम्,नाटकुरञ्जि (२८),रूपकम्,"Scores: T=100.0, R=30.8, TL=100.0"
192,pārvatīpate,śaṅkarābharanaṃ,Unknown,पार्वतीपते,शङ्कराभरणम् (२९),चतुरश्र एकम्,"Scores: T=100.0, R=100.0, TL=0.0"
193,pārvatīśvareṇa,bhūṣāvati,ādi,पार्वतीश्वरेण,भूषावति (६४),Unknown,"Scores: T=100.0, R=100.0, TL=0.0"
194,pālaya mām parameśvari,taraṅgiṇi,Unknown,पालय मां परमेश्वरि,तरङ्गिणि (२६),रूपकम्,"Scores: T=100.0, R=100.0, TL=0.0"
199,pāhi mām janakīvallabha,śaṅkarābharaṇam,rūpakam,पाहि मां जनकीवल्लभ,शङ्कराभरणम् (२१),तिश्र एकम्,"Scores: T=100.0, R=100.0, TL=35.3"
200,pāhi mām pārvati parameśvari,mohanam,ādi,पाहि मां पार्वति परमेश्वरि,मोहनम् (६५),रूपकम्,"Scores: T=100.0, R=100.0, TL=20.0"
201,pāhi mām ratnācalanāyaka,mukhāri,tiśra ekam,पाहि मां रत्नाचलनायक,मुखारि (२०),आदि,"Scores: T=100.0, R=100.0, TL=30.8"
202,pītavarṇam,śaṅkarābharaṇam,Unknown,पीतवर्णम्,शङ्कराभरणम् (२१),तिश्र एकम्,"Scores: T=100.0, R=100.0, TL=0.0"
204,pūrṇacandrabimbavijayavadane,sāman,Unknown,प्रणतार्तिहराय नमस्ते,सामन्त (३०),आदि,"Scores: T=42.3, R=83.3, TL=0.0"
206,praṇatārtiharam,nādarāmakriya,cāpu,प्रत्यङ्गिराभगवतीम्,नादरामक्रिय (१५),चापु,"Scores: T=55.6, R=100.0, TL=100.0"
207,pratyangirābhagavatīm,vātīvasan,Unknown,प्रसन्नवेङ्कटेश्वरम्,वाटीवसन्तमैरवि (१४),त्रिपुट,"Scores: T=47.6, R=66.7, TL=0.0"
208,prasannaveṅkateśvaram,suraṭi,rūpakam,बालकुचाम्बिके,सुरटि (२८),रूपकम्,"Scores: T=29.4, R=100.0, TL=100.0"
209,bālakucāmbike,gopikāvasan,Unknown,बालकृष्णं भावयामि,गोपिकावसन्तम् (२०),Unknown,"Scores: T=54.5, R=88.0, TL=0.0"
210,bālakṛṣṇam bhāvayāmi,bhairavi,ādi,बालगोपाल,भैरवि (२०),आदि,"Scores: T=40.0, R=100.0, TL=100.0"
211,bālagopāla,suraṭi,Unknown,बालसुब्रह्मण्यम्,सुरटि (२८),आदि,"Scores: T=46.2, R=100.0, TL=0.0"
212,bālasubrahmaṇyam,śrīrañjani,ekam,बालाम्बिकया,श्रीरञ्जनि (२२),एकम्,"Scores: T=59.3, R=100.0, TL=100.0"
215,bālāmbikāyāh param,nā,rupakam,[SYNCED] bālāmbikāyāh param,नाटकुरञ्जि (२८),रुपकम्,"Scores: T=100.0, R=30.8, TL=100.0"
217,bālāmbike pāhi,nā,jhampa,बुधमाश्रयामि सततम्,नाटकुरञ्जि (२८),झम्प,"Scores: T=38.9, R=30.8, TL=100.0"
218,budhamāśrayāmi satatam,bhānumati,ādi,बृहदम्बा मदम्बा,भानुमति (४),आदि,"Scores: T=46.2, R=100.0, TL=100.0"
219,brhadambā madambā,vasan,cāpu,बृहदम्बिकायै,वसन्त (१५),चापु,"Scores: T=64.5, R=83.3, TL=100.0"
220,brhadambikāyai,jīvantikā,rūpakam,बृहदीशकटक्षेण,जीवन्तिका (४८),रूपकम्,"Scores: T=58.1, R=100.0, TL=100.0"
221,brhadīśakaṭākṣeṇa,śaṅkarābharana,ādi,बृहदीश्वराय,शङ्कराभरणम् (२१),आदि,"Scores: T=66.7, R=96.6, TL=100.0"
223,brhadīśvaro raksatu,nāgadhvani,ādi,बृहदीश्वरं भज रे,नागध्वनि (२१),आदि,"Scores: T=60.0, R=100.0, TL=100.0"
224,brhadīśvaram bhaja re,lali,Unknown,बृहदीश्वरीं भजरे,ललितपञ्चमम् (१४),आदि,"Scores: T=82.9, R=44.4, TL=0.0"
225,brhadīśvarīm bhajare,āndhāli,ādi,बृहन्नायकि वरदायकि,आन्धाळि (२८),आदि,"Scores: T=47.6, R=100.0, TL=100.0"
226,bhannāyaki varadāyaki,aṭhāṇa,triputa,बृहस्पते तारापते,अठाण (२८),त्रिपुट,"Scores: T=46.2, R=100.0, TL=100.0"
227,bhaspate tārāpate,kalyāṇi,ādi,ब्रह्मविद्याम्बिके,कल्याणि (६५),आदि,"Scores: T=30.3, R=100.0, TL=100.0"
228,brahmavidyāmbike,vaṃśavati,ādi,भक्तवत्सलम्,वंशवति (५४),आदि,"Scores: T=40.0, R=100.0, TL=100.0"
229,bhaktavatsalam,kalyāṇi,Unknown,भजरे रे चित्त,कल्याणि (६५),मिश्र चापु,"Scores: T=40.0, R=100.0, TL=0.0"
230,bhajare re citta,devamanohari,rūpakam,भारति,देवमनोहरि (२२),रूपकम्,"Scores: T=43.5, R=100.0, TL=100.0"
233,bhūsāvatīm,bhogacchāyanāṭa,ādi,भोगच्छायानाटकप्रिये,भोगच्छायनाट (३४),Unknown,"Scores: T=37.5, R=100.0, TL=0.0"
234,bhogacchāyānāṭakapriye,dhanyāsi,rūpakam,मङ्गळदेवतया,धन्याशि (२०),रूपकम्,"Scores: T=37.8, R=100.0, TL=100.0"
236,maṅgaladevate,mālavaśrī,jhampa,मङ्गळाम्बायै नमस्ते,माळवश्री (२२),झम्प,"Scores: T=58.8, R=100.0, TL=100.0"
237,maṅgalāmbāyai namaste,vasan,Unknown,मङ्गळं जयमङ्गळम्,वसन्त (१५),आदि,"Scores: T=57.1, R=83.3, TL=0.0"
238,maṅgaḷaṃ jayamaṅgaḷam,bhinnapañcamam,ādi,मत्स्यावतार,भिन्नपञ्चमम् (३),आदि,"Scores: T=36.4, R=100.0, TL=100.0"
239,matsyāvatāra,paraju,cāpu,मधुराम्बा जयति,परजु (१५),चापु,"Scores: T=48.3, R=100.0, TL=100.0"
240,madhurāmbā jayati,devakriya,Unknown,मधुराम्बा संरक्षतु,देवक्रिय (२८),आदि,"Scores: T=52.6, R=100.0, TL=0.0"
241,madhurāmbā samraksatu,begāda,miśra cāpu,मधुराम्बाया:,बेगड (२९),मिश्र चापु,"Scores: T=66.7, R=100.0, TL=100.0"
242,madhurāmbāyāh,s,ādi,मधुराम्बां भज रे,स्तवराजम् (४४),आदि,"Scores: T=60.6, R=18.2, TL=100.0"
243,madhurāmbām bhaja re,deśiśimhāravam,Unknown,मधुराम्बिकायाम्,देशीसिंहारवम् (५८),रूपकम्,"Scores: T=62.9, R=100.0, TL=0.0"
244,madhurāmbikāyām,vasan,adi,मरकतलिङ्गम्,वसन्त (१५),आदि,"Scores: T=55.2, R=83.3, TL=100.0"
246,marakatavallim,nāṭa,caturaśra ekam,महागणपतिम्,नाट (३६),चतुरश्र एकम्,"Scores: T=59.3, R=100.0, TL=100.0"
247,mahāgaṇapatim,toḍi,Unknown,महागणपतिं वन्दे,तोडि (द),रूपकम्,"Scores: T=81.2, R=100.0, TL=0.0"
249,mahāgaṇapate,madhyamāvati,rūpakam,महात्रिपुरसुन्दरी,मध्यमावति (२२),रूपकम्,"Scores: T=46.7, R=100.0, TL=100.0"
250,mahātripurasundarī,devamanohari,ādi,महादेवेन,देवमनोहरि (२२),आदि,"Scores: T=42.9, R=100.0, TL=100.0"
251,mahādevena,mādhavamanohari,Unknown,महालक्ष्मी करुणारसलहरि,माधवमनोहरि (२२),आदि,"Scores: T=27.0, R=100.0, TL=0.0"
252,mahālakshmi karunārasalahari,aṭhāṇa,ādi,महालिङ्गेश्वराय,अठाण (२८),आदि,"Scores: T=31.8, R=100.0, TL=100.0"
257,mātaŋgi marakatāngi,dhau,rūpakam,मातङ्गि मरकताङ्गि,धौतपञ्चमम् (६९),रूपकम्,"Scores: T=84.2, R=44.4, TL=100.0"
259,mādhavo mām pātu,ānandabhairavi,miśra cāpu,मानसगुरुगुह,आनन्दभैरवि (२०),रूपकम्,"Scores: T=33.3, R=100.0, TL=23.5"
260,mānasaguruguha,maṇiraṅgu,miśra cāpu,मामव पट्टाभिराम,मणिरङ्गु (२२),मिश्र चापु,"Scores: T=36.4, R=100.0, TL=100.0"
261,māmava pattābhirāma,varāli,miśra cāpu,मामव मीनाक्षि,वराळि (३१),मिश्र चापु,"Scores: T=54.5, R=100.0, TL=100.0"
262,māmava mīnāksi,māhuri,Unknown,मामव रघुवीर,माहुरि (२८),मिश्र चापु,"Scores: T=60.0, R=100.0, TL=0.0"
263,māmava raghuvīra,dhanyāsi,miśra cāpu,मायूरनाथम्,धन्याशि (२०),मिश्र चापु,"Scores: T=42.9, R=100.0, TL=100.0"
264,māye citkale,śaṅkarābharaṇam,Unknown,माये चित्कले,शङ्कराभरणम् (२९),तिस्र एकम्,"Scores: T=100.0, R=100.0, TL=0.0"
266,mārakotikotilāvaṇya,āarabhi,Unknown,मारकोटिकोटिलावण्य,आरभि (२९),झम्प,"Scores: T=100.0, R=92.3, TL=0.0"
272,mucukundavarada,śaṅkarābharaṇam,rūpakam,मुचुकुन्दवरद,शङ्कराभरणम् (२९),तिस्र एकम्,"Scores: T=100.0, R=100.0, TL=35.3"
273,muraharena mukundena,śuddhamukhāri,ādi,मुरहरेण मुकुन्देन,शुद्धमुखारि (१),रूपकम्,"Scores: T=100.0, R=100.0, TL=20.0"
274,mūlādhāracakravināyaka,śrī,Unknown,मूलाधारचक्रविनायक,श्री (२२),आदि,"Scores: T=100.0, R=100.0, TL=0.0"
278,rangapuravihāra,brndāvanasāraṅga,Unknown,रङ्गपुरविहार,वृन्दावनसारङ्ग (२२),रूपकम्,"Scores: T=100.0, R=93.8, TL=0.0"
279,rājagopālam,mohanam,rūpakam,राजगोपालम्,मोहनम् (६५),Unknown,"Scores: T=100.0, R=100.0, TL=0.0"
281,rājīvalocanam,śaṅkarābharaṇam,Unknown,राजीवलोचनम्,शङ्कराभरणम् (२१),तिश्र एकम्,"Scores: T=100.0, R=100.0, TL=0.0"
283,rāmacandrabhaktam,geyahejjajji,Unknown,रामचन्द्रभक्तम्,गेयहेज्जज्जि (१३),आदि,"Scores: T=100.0, R=100.0, TL=0.0"
286,rāmacandrāya namaste,toḍi,Unknown,रामचन्द्राय नमस्ते,तोडि (८),मिश्र चापु,"Scores: T=100.0, R=100.0, TL=0.0"
288,rāmacandram bhāvayāmi,vasan,rūpakam,328,वसन्त (१५),रूपकम्,"Scores: T=0.0, R=83.3, TL=100.0"
289,rāmacandram rājīvākṣam,śaṅkarābharaṇam,tiśra ekam,रामचन्द्रं राजीवाक्षम्,शङ्कराभरणम् (२१),चतुरश्र एकम्,"Scores: T=100.0, R=100.0, TL=41.7"
290,rāma janārdana,śaṅkarābharaṇam,Unknown,रामनाथं भजेऽहम्,शङ्कराभरणम् (२९),तिश्र एकम्,"Scores: T=47.1, R=100.0, TL=0.0"
291,rāmanātham bhaje’ham,kāśirāmakriya,rūpakam,331,काशीरामक्रिय (५१),रूपकम्,"Scores: T=0.0, R=100.0, TL=100.0"
293,rāme bharatapālita,jyoti,rūpakam,रामे भरतपालित,ज्योति (६८),खण्ड चापु,"Scores: T=100.0, R=100.0, TL=33.3"
294,rudrakopajāta,rudrapriya,ādi,रूपमु जूचि,रुद्रप्रिय (२२),रूपकम्,"Scores: T=33.3, R=100.0, TL=20.0"
295,rūpamu jūci,toḍi,Unknown,रूपमु जूचि (चौक वर्णम्),तोडि (८),आदि,"Scores: T=100.0, R=100.0, TL=0.0"
296,reṇukādevi samraksito'ham,kannaḍabaṅgāla,jhampa,लम्बोदराय नमस्ते,कन्नडबझाळ (१५),झम्प,"Scores: T=45.5, R=85.7, TL=100.0"
297,lambodarāya namaste,varāli,khẩn dịa căpu,ललितापरमेश्वरी,वराळि (३९),खण्ड चापु,"Scores: T=38.9, R=100.0, TL=75.0"
298,lalitāparameśvarī,suraṭi,ādi,ललिताम्बिकाम्,सुरटि (२८),आदि,"Scores: T=55.2, R=100.0, TL=100.0"
301,vadānyeśvaram,devagāndhāri,Unknown,वदान्येश्वरम्,देवगान्धारि (२९),आदि,"Scores: T=100.0, R=100.0, TL=0.0"
303,varadarāja pahi,śaṅkarābharaṇam,Unknown,वरदराज पहि,शङ्कराभरणम् (२१),तिश्र एकम्,"Scores: T=100.0, R=100.0, TL=0.0"
305,varadarājā’vāva,gangā,rūpakam,वरदराजाऽवाव,गङ्गातरङ्गिणि (३३),रूपकम्,"Scores: T=100.0, R=52.6, TL=100.0"
306,varalakṣmīṃ bhaja,saurāṣṭram,Unknown,वरलक्ष्मीं भज,सौराष्ट्रम् (१५),आदि,"Scores: T=100.0, R=100.0, TL=0.0"
310,vātāpigaṇapatim bhaje'ham,haṃsadhavi,Unknown,वातापिगणपतिं भजेऽहम्,हंसध्वनि (२१),आदि,"Scores: T=100.0, R=85.7, TL=0.0"
312,vārāhīm vaisṇavīm,vegavāhini,Unknown,वाराहीं वैष्णवीं,वेगवाहिनि (१६),चापु,"Scores: T=100.0, R=100.0, TL=0.0"
320,vīṇāpustakadhāriṇīm,vehavāhini,Unknown,वीणापुस्तकधारिणीम्,वेहवाहिनि (१६),खण्ड एकम्,"Scores: T=100.0, R=100.0, TL=0.0"
321,vīṇābheriveṇuvādyādi,ābheri,ādi,वीणाभेरिवेणुवाद्यादि,आमेरि (२०),आदि,"Scores: T=100.0, R=72.7, TL=100.0"
322,vīravasanta tyāgarāja,vīravasan,Unknown,वीरवसंत त्यागराज,वीरवसन्तम (२४),आदि,"Scores: T=95.2, R=81.8, TL=0.0"
329,śaktisahitagaṇapatim,śaṅkarābharaṇam,ādi,शक्तिसहितगणपतिम्,शङ्कराभरणम् (२१),तिश्र एकम्,"Scores: T=100.0, R=100.0, TL=30.8"
330,śaṅkaranārāyaṇam,nārāyaṇadeśākṣi,rūpakam,शङ्करनारायणम्,नारायणदेशाक्षि (२१),Unknown,"Scores: T=100.0, R=100.0, TL=0.0"
331,śaṅkaramabhirāmīmanoharam,manohari,tiśra ekam,शङ्करमभिरामीमनोहरम्,मनोहरि (३३),रूपकम्,"Scores: T=100.0, R=100.0, TL=35.3"
332,śaṅkaravara,śaṅkarābharaṇam,rūpakam,शङ्करवर,शङ्कराभरणम् (२९),तिस्र एकम्,"Scores: T=100.0, R=100.0, TL=35.3"
334,śaravaṇabhavaguruguham,revagupti,Unknown,शरवणभवगुरुगुहं,रेवगुप्ति (१५),रूपकम्,"Scores: T=100.0, R=100.0, TL=0.0"
337,śivakāmīpatim,nā,ādi,शिवकामीपतिम्,नाटकुरञ्जि (२८),आदि,"Scores: T=100.0, R=30.8, TL=100.0"
343,śrṅgāradinavarasāṅgī,dhavalāṅgam,Unknown,शृङ्गारदिनवरसाङ्गी,धवळाङ्गम् (४९),खण्ड एकम्,"Scores: T=100.0, R=100.0, TL=0.0"
352,śrīkamalāmbikayā,śaṅkarābharaṇam,tripuṭa,श्रीकमलाम्बिकया,शङ्कराभरणम् (२१),रूपकम्,"Scores: T=100.0, R=100.0, TL=42.9"
353,śrīkamalāmbikāyām,sahāna,Unknown,श्रीकमलाम्बिकायाम्,सदान (२२),त्रिपुट,"Scores: T=100.0, R=83.3, TL=0.0"
355,śrīkamalāmbike’vāva,ghaṇṭa,ādi,श्रीकमलाम्बिकेऽवाव,घण्ट (२०),Unknown,"Scores: T=100.0, R=100.0, TL=0.0"
356,śrīkamalāmbike,śrī,ādi,श्रीकमलाम्बिके,श्री (२२),खण्ड एकम्,"Scores: T=100.0, R=100.0, TL=28.6"
357,śrīkāntimām,deśīsimhāramam,Unknown,श्रीकान्तिमतीम्,देशीसिम्हारवम् (५८),Unknown,"Scores: T=91.7, R=92.9, TL=0.0"
366,śrīguruguhasya,pūrvvi,Unknown,श्रीगुरुगुहस्य,पूर्वि (१५),मिश्र चापु,"Scores: T=100.0, R=90.9, TL=0.0"
369,śrīdaksināmūrtimīśam,phenadyuti,Unknown,श्रीदक्षिणामूर्तिमीशम्,फेनद्युति (२),आदि,"Scores: T=100.0, R=100.0, TL=0.0"
377,śrībālasubrahmanya,bilahari,Unknown,श्रीबालसुब्रह्मण्य,बिलहरि (२१),मिश्र चापु,"Scores: T=100.0, R=100.0, TL=0.0"
378,śrībhārgavī,maṅgalaikaiśikī,cāpu,श्री भार्गवी,मङ्गळकैशिकी (१५),चापु,"Scores: T=69.6, R=96.6, TL=100.0"
383,śrīmadhurāmbike,kalyāṇi,khẩn dịa căpu,श्रीमधुराम्बिके,कल्याणि (६५),Unknown,"Scores: T=100.0, R=100.0, TL=0.0"
385,śrīmahārājñi,karṇāṭaka kāpi,khẩn dịa ekam,श्रीमहाराज्ञि,कर्णाटक कापि (२२),Unknown,"Scores: T=100.0, R=100.0, TL=0.0"
387,śrīmātrbhūtam,kannaḍa,miśra cāpu,श्रीमीनाम्बिकायाः,कन्नड (२८),Unknown,"Scores: T=50.0, R=100.0, TL=0.0"
390,śrīraṅganāthāya,dhanyāsi,rūpakam,श्री रमासरस्वती,धन्याशि (२०),रूपकम्,"Scores: T=37.5, R=100.0, TL=100.0"
392,śrīrājagopāla,sāveri,ādi,442,सावेरि (१५),आदि,"Scores: T=0.0, R=100.0, TL=100.0"
400,śrī varalakṣmi namastubhyam,śrī,Unknown,श्री वरलक्ष्मि नमस्तुभ्यम्,श्री (२२),रूपकम्,"Scores: T=100.0, R=100.0, TL=0.0"
405,śrīveṅkatagiriśam,kurañji,jhampa,श्रीवेणुगोपाल,कुरञ्जि (२९),Unknown,"Scores: T=53.3, R=100.0, TL=0.0"
406,śrīveṇugopāla,śaṅkarābharaṇam,rūpakam,463,शङ्कराभरणम् (२१),रूपकम्,"Scores: T=0.0, R=100.0, TL=100.0"
407,śrī veṇugopālam,aṭhāṇa,ādi,श्रीवैद्यनाथम्,अठाण (२८),आदि,"Scores: T=53.3, R=100.0, TL=100.0"
408,śrīvaidyanātham,paraju,aṭa,श्री शुक्रभगवन्तम्,परजु (१५),अट,"Scores: T=51.4, R=100.0, TL=100.0"
409,śrī śukrabhagavantam,śailadesākṣi,ādi,श्री शूलिनीम्,शैलदेसाक्षि (३५),आदि,"Scores: T=51.6, R=100.0, TL=100.0"
410,śrī śūlinīm,śivapantuvarāli,rūpakam,467,शिवपन्तुवराळि (४५),रूपकम्,"Scores: T=0.0, R=100.0, TL=100.0"
411,śrīsatyanārāyaṇam,āarabhi,Unknown,४१५ श्रीसरस्वति नमोऽस्तु ते,आरभि (२१),रूपकम्,"Scores: T=35.6, R=92.3, TL=0.0"
412,śrīsarasvati namo'stu te,māñji,ādi,श्री सरस्वति हिते,माञ्जि (२०),आदि,"Scores: T=57.1, R=100.0, TL=100.0"
413,śrī sarasvati hite,bilahari,ādi,४१७ श्री साम्बशिवम्,बिलहरि (२९),आदि,"Scores: T=61.1, R=100.0, TL=100.0"
414,śrī sāmbaśivam,kun,rūpakam,श्रीसुगन्धिकुन्तलाम्बिके,कुन्तलम् (६१),रूपकम्,"Scores: T=32.4, R=54.5, TL=100.0"
415,śrīsugandhikuntalāmbike,kāśirāmakriya,ādi,श्रीसुन्दरराजम्,काशीरामक्रिय (५१),आदि,"Scores: T=52.6, R=100.0, TL=100.0"
416,śrīsundarājam,kāmbhoji,rūpakam,श्रीसुब्रह्मण्यय,काम्भोजि (२८),Unknown,"Scores: T=55.2, R=100.0, TL=0.0"
417,śrīsubrahmanyā,toḍi,khẩn da căpu,श्रीसुब्रह्मण्यो माम्,तोडि (८),आदि,"Scores: T=81.2, R=100.0, TL=26.7"
418,śrīsubrahmāṇyo mām,khamās,Unknown,४२२ श्री स्वामिनाथाय,खमास् (२८),खण्ड चापु,"Scores: T=47.4, R=100.0, TL=0.0"
419,śrī svāmināthāya,rāgacūḍāmaṇi,triputa,श्वेतगणपतिम्,रागचूडामणि (३२),त्रिपुट,"Scores: T=40.0, R=100.0, TL=100.0"
420,śvetagaṇapatim,āarabhi,ādi,४२४ श्वेतारण्येश्वरम्,आरभि (२९),आदि,"Scores: T=58.8, R=92.3, TL=100.0"
421,śvetāraṇyeśvaram,khamās,ādi,षडानने,खमास् (२८),आदि,"Scores: T=41.7, R=100.0, TL=100.0"
422,śadānane,śaṅkarābharaṇam,caturaśra ekam,नोटुस्वर साहित्यम्,शङ्कराभरणम् (२१),चतुरश्र एकम्,"Scores: T=30.8, R=100.0, TL=100.0"
423,sakalasuravinuta,kumbini,ādi,सच्चिदानन्दमय,कुम्बिनी (४१),आदि,"Scores: T=37.5, R=100.0, TL=100.0"
424,saccidānandamaya,bhūpālam,ādi,सदाचलेश्वरम्,भूपाळम् (९),Unknown,"Scores: T=46.7, R=100.0, TL=0.0"
425,sadācaleśvaram,revagupti,rūpakam,४२९ सदाविनतसादरे,रेवगुप्ति (१५),रूपकम्,"Scores: T=47.1, R=100.0, TL=100.0"
426,sadāvinatasādare,śaṅkarābharaṇam,caturaśra ekam,४३१ सदाशिवमुपास्महे,शङ्कराभरणम् (२१),आदि,"Scores: T=54.1, R=100.0, TL=11.8"
427,sadāśivamupāsmahe,śaṅkarābharaṇam,Unknown,[SYNCED] sadāśivamupāsmahe,सिन्दुरामक्रिय (४५),Unknown,"Scores: T=100.0, R=48.3, TL=0.0"
428,sadāśivena,sindurāmakriya,ādi,[SYNCED] sadāśivena,चामरम् (५६),रूपकम्,"Scores: T=100.0, R=47.6, TL=20.0"
429,sadyojātādipañcamukhena sindurāmakriyā rāganutena,cāmaram,rūpakam,४३४ सन्ततं गोविन्दराजम्,शङ्कराभरणम् (२९),तिश्र एकम्,"Scores: T=32.4, R=45.5, TL=35.3"
430,santatam govindarājam,śaṅkarābharaṇam,tiśra ekam,नोटुस्वर साहित्यम्,शङ्कराभरणम् (२१),तिश्र एकम्,"Scores: T=56.4, R=100.0, TL=100.0"
431,santatam pāhi mām,śaṅkarābharaṇam,Unknown,४३६ सन्तानगोपालकृष्णम्,खमाश् (२८),रूपकम्,"Scores: T=40.0, R=38.1, TL=0.0"
432,santānagopālakṛṣṇam,khamāś,rūpakam,492,सन्तानमञ्जरि (६७),आदि,"Scores: T=0.0, R=30.0, TL=20.0"
433,santānamañjarī śaṅkarī,san,ādi,[SYNCED] santānamañjarī śaṅkarī,हिन्दोलवसन्तम (२०),आदि,"Scores: T=100.0, R=31.6, TL=100.0"
434,santānarāmasvāminam,hindolavasan,Unknown,494,शङ्कराभरणम् (२१),तिश्र एकम्,"Scores: T=0.0, R=37.0, TL=0.0"
435,santānasaubhāgya,śaṅkarābharaṇam,tiśra ekam,४४० सन्ध्यादेवीम्,देवक्रिय (२८),आदि,"Scores: T=37.5, R=33.3, TL=30.8"
436,sandhyādevīm,devakriya,ādi,४४१ सरससौवीर,सौवीरम् (४७),आदि,"Scores: T=34.5, R=35.3, TL=100.0"
437,sarasasauvīra,sauvīram,ādi,४४२ सरसिजनाभसोदरि,नागगान्धारि (२०),रूपकम्,"Scores: T=50.0, R=20.0, TL=20.0"
438,sarasijanābhasodari,nāgagāndhāri,rūpakam,##,छायातरङ्गिणि (२८),आदि,"Scores: T=0.0, R=38.5, TL=20.0"
439,sarasvatī chāyātaranginī,chāyā,ādi,[SYNCED] sarasvatī chāyātaranginī,सरस्वतिमनोहरि (२९),Unknown,"Scores: T=100.0, R=18.2, TL=0.0"
440,sarasvatī manohari,sarasvatimanohari,Unknown,४४५ सरस्वती विधियुवती,हिन्दोळम् (२०),रूपकम्,"Scores: T=46.5, R=32.0, TL=0.0"
441,sarasvatī vidhiyuvatī,hindolam,rūpakam,४४६ सरस्वत्या भगवत्या,छायागौळ (१५),मिश्र चापु,"Scores: T=43.5, R=33.3, TL=23.5"
442,sarasvatyā bhagavatyā,chāyāgaula,miśra cāpu,४४७ साधुजनचित्त,पूर्णपञ्चमम् (१५),त्रिपुट,"Scores: T=35.9, R=34.8, TL=35.3"
443,sādhujanacitta,pūrṇapañcamam,triputa,४४८ साधुजनविनुतम्,गीतप्रिया (६३),त्रिपुट,"Scores: T=70.6, R=27.3, TL=100.0"
444,sādhujanavinam,gī,triputa,४४९ सामगानप्रिये,शङ्कराभरणम् (२१),तिश्र एकम्,"Scores: T=38.7, R=0.0, TL=35.3"
445,sāmagānapriye,śaṅkarābharana,Unknown,४५० साम्बसदाशिवाय,काम्भोजि (२८),आदि,"Scores: T=50.0, R=36.4, TL=0.0"
446,sāmbasadāśivāya,kāmbhoji,adi,४५१ सारङ्गरागप्रिये,सारङ्ग (६५),मिश्र चापु,"Scores: T=40.0, R=13.3, TL=30.8"
447,sāraṅgarāgapriye,sāraṅga,miśra cāpu,४५२ सारसदळनयन,खमास् (२८),त्रिपुट,"Scores: T=44.4, R=30.8, TL=35.3"
448,sārasadaḷanayana,khamās,rūpakam,रौहिणेयानुजार्चितं ईहनावर्जितम्,चामरम् (५६),रूपकम्,"Scores: T=40.8, R=46.2, TL=100.0"
449,siddhivināyakam,cāmaram,miśra cāpu,चर्माम्बरधराय चन्द्रशेखराय शब्दादिपञ्चतन्मात्राधाराय,नीलाम्बरि (२९),रूपकम्,"Scores: T=21.1, R=50.0, TL=23.5"
450,siddhīśvarāya,nīlāmbari,rūpakam,४५६ सुन्दरमूर्तिमाश्रयामि,टक्का (१५),रूपकम्,"Scores: T=42.1, R=28.6, TL=100.0"
451,Unknown,ṭakkā,rūpakam,Unknown,शङ्कराभरणम् (२१),रूपकम्,"Scores: T=0.0, R=30.0, TL=100.0"
452,mīnākṣimohitāya mokṣasākṣātkārāya,śaṅkarābharaṇam,rūpakam,शुकरहस्यप्रकाश गुरुगुहेन कृत्तिकासुत शुद्धधन्येन,शुद्धधन्याशि (२२),आदि,"Scores: T=38.2, R=41.4, TL=20.0"
453,[SYNCED] सुब्रह्मण्यम्,śuddhadhanyāsi,Unknown,सुब्रह्मण्यम्,शङ्कराभरणम् (२९),चतुरश्र एकम्,"Scores: T=100.0, R=41.4, TL=0.0"
454,svājñānavidāraṇapaṇḍitasādhujanam sūnitavacanam,śaṅkarābharanaṃ,caturaśra ekam,सूयमूर्त,सौराष्ट्रम् (१५),ध्रुवम्,"Scores: T=25.0, R=56.0, TL=28.6"
455,*,saurāṣṭram,dhruvam,[SYNCED] *,काशीरामक्रिया (५१),आदि,"Scores: T=0.0, R=43.5, TL=20.0"
456,senāpate pālaya mām sanmunigaṇādipūjitāndakara,kāśirāmakriyā,ādi,517,सैन्धवि (२२),आदि,"Scores: T=0.0, R=36.4, TL=100.0"
457,mādhavasodari mahārājarājeśvari maṅgaḷavaradānakari,saindhavi,ādi,518,शुद्धवसन्तम (२१),आदि,"Scores: T=0.0, R=41.7, TL=100.0"
458,[SYNCED] ४६४ सोमास्कन्दम्,śuddhavasan,tiśra ekam,४६४ सोमास्कन्दम्,शङ्कराभरणम् (२१),तिश्र एकम्,"Scores: T=100.0, R=38.5, TL=100.0"
459,somasundareśvaram,śaṅkarābharaṇam,Unknown,ताळं: रूपकम्,वृन्दावनि१४५ (२२),Unknown,"Scores: T=33.3, R=29.6, TL=0.0"
460,tumburunutaśrīkaṇṭhaṃ duritāpahavaikuṇṭham,bṛndāvani,rūpakam,४६६ सौरसेनेशम्,सौरसेन (२७),आदि,"Scores: T=27.6, R=33.3, TL=20.0"
461,nīrajapadam nirupamānandam vārijabhavavanditam guruguham,saurasena,ādi,523,स्तवराजम् (४६),मिश्र चापु,"Scores: T=0.0, R=52.6, TL=30.8"
462,stavarājā dinutabṛhadīśa tārayāśu mām dayānidhe,s,Unknown,[SYNCED] stavarājā dinutabṛhadīśa tārayāśu mām dayānidhe,रमामनोहरि (५२),रूपकम्,"Scores: T=100.0, R=0.0, TL=0.0"
463,caranăm,ramāmanohari,rūpakam,[SYNCED] caranăm,चलनाट (३६),Unknown,"Scores: T=100.0, R=40.0, TL=0.0"
464,[SYNCED] 526,calanāṭa,ādi,526,वृन्दावन १४९ (२२),आदि,"Scores: T=100.0, R=38.1, TL=100.0"
465,svāminātha,bṛndāvani,ādi,[SYNCED] svāminātha,देशिसिंहावम्१५० (५८),रूपकम्,"Scores: T=100.0, R=33.3, TL=20.0"
466,guruguha mānasarañjani guṇijananute nirañjani,deśisimhāramavam$^{150}$,rūpakam,528,वसन्त (१५),मिश्र चापु,"Scores: T=0.0, R=22.2, TL=23.5"
467,hariyuvatīm,vasan,khẩn da ekam,[SYNCED] hariyuvatīm,नवरोज् (२९),Unknown,"Scores: T=100.0, R=33.3, TL=0.0"
468,[SYNCED] ४७४ हाटकेश्वर,navaraj,Unknown,४७४ हाटकेश्वर,बिलहरि (२१),रूपकम्,"Scores: T=100.0, R=40.0, TL=0.0"
469,[SYNCED] ४७५ हालास्यनाथम्,bilahari,rūpakam,४७५ हालास्यनाथम्,दर्बार् (२२),आदि,"Scores: T=100.0, R=42.9, TL=20.0"
470,nāvādyāsādhamahotsavam natasurāsuradevaprabhāvam,darbār,ādi,४७६ हिमगिरिकुमारि,अमृतवर्षिणि (६६),आदि,"Scores: T=15.2, R=44.4, TL=100.0"
471,[SYNCED] विमलहृदयकमलविकासकरि विधुवह्नि रविक्रियाशक्तिकरि,amr,ādi,विमलहृदयकमलविकासकरि विधुवह्नि रविक्रियाशक्तिकरि,रविक्रिया (४२),आदि,"Scores: T=100.0, R=33.3, TL=100.0"
472,[SYNCED] ४७८ हिमाचलकुमारीम्,ravikriyā,Unknown,४७८ हिमाचलकुमारीम्,झङ्कारभ्रमरि (१९),रूपकम्१५५,"Scores: T=100.0, R=32.0, TL=0.0"
473,Unknown,jhaṅkārabhramari,rūpakam,Unknown,ललित (१५),रूपकम्,"Scores: T=0.0, R=18.2, TL=100.0"
474,śītakiraṇanibhavadanām śritacintāmaṇisadanām,lali,rūpakam,537,शङ्कराभरणम् (२९),तिश्र एकम्,"Scores: T=0.0, R=10.5, TL=35.3"
475,he māye,śaṅkarābharaṇam,tiśra ekam,४८१ हेरम्बाय,अठाण (२८),रूपकम्,"Scores: T=50.0, R=47.6, TL=35.3"
476,noṭtusvara sāhityam,aṭhāṇa,rūpakam,४८२ क्षितिजारमणम्,देवगान्धारि (२९),आदि,"Scores: T=37.8, R=44.4, TL=20.0"
477,[SYNCED] ४८३ ज्ञानप्रसूनाम्बिके,devagāndhāri,Unknown,४८३ ज्ञानप्रसूनाम्बिके,कल्याणि (६५),रूपकम्,"Scores: T=100.0, R=42.1, TL=0.0"
478,kṣitijāramaṇam,kalyāṇi,rūpakam,४८४ ज्ञानाम्बिके,सेनाग्रणि (७),तिश्र एकम्,"Scores: T=35.7, R=50.0, TL=35.3"
479,483 jñānaprasūnāmbike,senāgraṇi,tiśra ekam,,,,"Scores: T=0.0, R=0.0, TL=0.0"
