Index,Title-EN,Raga-EN,Tala-EN,Title-SA,Raga-SA,Tala-SA
1,akhilāṇḍeśvari rakṣa mām,jujāvanti,ādi,अखिलाण्डेश्वरि रक्ष माम्,जुजावन्ति (२८),आदि
2,akhilāṇdeśvaryai namaste,āarabhi,adi,अखिलाण्डेश्वर्यै नमस्ते,आरभि (२९),अदि
3,akhilāṇdeśvaro rakṣatu,śuddhasāveri,rūpakam,अखिलाण्डेश्वरो रक्षतु,शुद्धसावेरि (१),रूपकम्
4,agastīśvaram,lali,miśra cāpu,अगस्तीश्वरम्,ललित (१५),मिश्र चापु
5,aṅgārakamāśrayāmyaham,suraṭi,rūpakam,अङ्गारकमाश्रयाम्यहम्,सुरटि (२८),रूपकम्
6,anatabālakṛṣṇa,īśamanohari,Unknown,अनतबालकृष्ण,ईशमनोहरि२ (२८),आदि
7,annapūrṇe viśālākṣi,sāma,ādi,अन्नपूर्णे विशालाक्षि,साम (२१),आदि
8,abhayāmbā jagadambā,kalyāṇi,ādi,अभयाम्बानायक वरदायक,कल्याणि (६५),आदि
9,abhayāmbānāyaka varadāyaka,kedāragauḷa,ādi,अभयाम्बानायक वरदायक,केदारगौळ (२८),आदि
10,abhayāmbānāyaka harisāyaka,ānandabhairavi,ādi,अभयाम्बानायक हरिसायक,आनन्दभैरवि (२०),आदि
11,abhayāmbāyām,sahāna,triputa,[SYNCED] abhayāmbāyām,सदान (२२),त्रिपुट
12,abhayāmbikāyāh,kedāragauḷa,jhampa,अभयाम्बिकायाः,केदारगौळ (२८),झम्प
13,abhayāmbikāyai,yadukulakāmbhoji,rūpakam,अभयाम्बिकायै,यदुकुलकाम्भोजि (२८),Unknown
14,abhirāmīm,bhūṣāvati,rūpakam,अभिरामीम्,भूषावति (६४),रूपकम्
15,amba nīlāyatākṣi,nīlāmbari,ādi,अम्ब नीलायताक्षि,नीलाम्बरि (२९),आदि
16,ambikāyāh abhayāmbikāyāh,kedāram,ādi,अम्बिकायाः अभयाम्बिकायाः,केदारम् (२९),आदि
17,aruṇācalanātham,sārangā,rūpakam,अरुणाचलनाथम्,सारङ्गा (६५),रूपकम्
18,arddhanārīśvaram,kudakriya,rūpakam,अर्द्धनारीश्वरम्,कुमुदक्रिय (५१),रूपकम्
19,avyājakaruṇākatākṣi,sālanganāṭa,triputa,दिव्यालंकृताङ्गश्रिये,सालङ्गनाट (१५),त्रिपुट
20,aksayalingavibho,śaṅkarābharaṇam,Unknown,अक्षयलिङ्गविभो,शङ्कराभरणम् (२९),मिश्र चापु
21,āñjaneyam,śaṅkarābharaṇam,tiśra ekam,आज्ञेयम्,शङ्कराभरणम् (२१),तिस्र एकम्
22,ādipurīśvaram,āarabhi,ādi,आदिपुरीश्वरम्,आरभि (२१),आदि
23,ānandanaprakāśam,kedāram,miśra cāpu,आनन्दनटनप्रकाशम्,केदारम् (२१),मिश्र चापु
24,āandāmrtākarṣiṇi,amr,miśra cāpu,आनन्दामृताकार्षिणि,अमृतवर्षणि (६६),आदि
25,[SYNCED] आनन्देश्वरेण,ānandabhairavi,Unknown,आनन्देश्वरेण,आनन्दभैरवि (२०),मिश्र चापु
26,āryām abhayāmbām,bhairavi,triputa,आर्यां अभयाम्बाम्,भैरवि (२०),त्रिपुट २०
27,īśānādiśivākāramañce,sahāna,rūpakam,[SYNCED] īśānādiśivākāramañce,सदान (२२),रूपकम्
28,ucchistagaṇapatau,kāśirāmakriya,Unknown,उच्छिष्टगणपतौ,काशीरामक्रिय (५१),आदि
29,ekadantam bhaje'ham,bilahari,miśra cāpu,एकाग्रनाथाय,बिलहरि (२१),मिश्र चापु
30,kāmajanakapūjitāya kamanīyakandharāya,vīravasan,rūpakam,53,वीरवसन्तम (२४),रूपकम्
31,ekāmranāthāya namaste,mukhāri,rūpakam,एकाग्रनाथाय नमस्ते,मुखारि (२०),रूपकम्
32,ekāmranātheśvareṇa,caturangiṇi,ādi,एकाग्रनाथेश्वरेण,चतुरङ्गिणि (६६),आदि
33,ekāmranātham bhaje'ham,gamakakriyā,ādi,एकाग्रनाथं भजेऽहम्,गमकक्रिया (५३),आदि
34,ekāmreśanāyakīm,cāmaram,Unknown,एकाम्रशनायकीम्,चामरम् (५६),आदि
35,ekāmreśanāyike,śuddhasāveri,ādi,एकाम्रेशनायिके,शुद्धसावेरि (१),आदि
36,ehi annapūrṇe,punnāgavarāli,ādi,एहि अन्नपूर्णै,पुन्नागवराळि (द),आदि
37,kañjadaḷāyatākṣi,kamalāmanohari,Unknown,[SYNCED] kañjadaḷāyatākṣi,कमलामनोहरि (३३),Unknown
38,kanakasabhāpatim,mālavaśrī,adi,कनकसभापतिम्,माळवश्री (२२),आदि
39,kanakāmbari,kanakāmbari,rūpakam,कनकाम्बरि,कनकाम्बरि (१),रूपकम्
40,kamalāmbā samraksatu mām,āandabhairavi,Unknown,कमलाम्बा संरक्षतु माम्,आनन्दभैरवि (२०),तिश्र त्रिपुट
41,kamalāmbām bhaja re,kalyāṇi,ādi,कमलाम्बां भज रे,कल्याणि (६५),आदि
42,kamalāmbikāyāstava bhakto’ham,punnāgavarāli,rūpakam,कमलाम्बिकायास्तव भक्तोऽहम्,पुन्नागवराळि (८),रूपकम्
43,kamalāmbikāyai,kāmbhoji,Unknown,कमलाम्बिकायै,काम्भोजि (२८),अट
44,kamalāmbike,toḍi,rūpakam,कमलाम्बिके,तोडि (द),रूपकम्
45,kamalāsanavandita,śaṅkarābharaṇam,Unknown,कमलासनवन्दित,शङ्कराभरणम् (२९),चतुरश्र एकम्
46,karikālabhamukham,sāveri,rūpakam,करिकळभमुखम्,सावेरि (१५),रूपकम्
47,kalāvatī kamalāsanayuvatī,kalāvati,ādi,काञ्चीशम्,कलावति (३१),आदि
48,kāñcīśam,śaṅkarābharaṇam,miśra cāpu,कादम्बरीप्रियायै,शङ्कराभरणम् (२९),तिश्र एकम्
49,kādambarīpriyāyai,mohanam,Unknown,कामकोटिपीठवासिनि,मोहनम् (६५),मिश्र चापु
50,kāmakotipīthavāsini,saugandhini,ādi,कामाक्षि कामकोटि,सौगन्धिनि (३७),आदि
51,kāmāksi kāmakoti,sumadyuti,Unknown,कामाक्षि कामकोटि,सुमद्युति (५७),रूपकम्
52,kāmāksi mām pāhi,śuddhadeśi,rūpakam,कामाक्षि मां पाहि,शुद्धदेशि (२२),रूपकम्
53,kāmākṣi varalakṣmi,bilahari,ādi,कामाक्षि वरलक्ष्मी,बिलहरि (२१),आदि
54,kāmāksīm kalyāṇim,kalyāṇi,rūpakam,कामाक्षीं कल्याणीम्,कल्याणि (६५),रूपकम्
55,[SYNCED] कामेश्वरेण,śrī,Unknown,कामेश्वरेण,श्री (२२),आदि
56,kāyārohaṇeśam,devagāndhāram,rūpakam,कायारोहणशम्,देवगान्धारम् (२२),Unknown
57,kālabhairavam,bhairavam,ādi,कालभैरवम्,भैरवम् (१६),आदि
58,kāśīviśālāksīm,gamakakriyā,Unknown,काशीविशालाक्षीम्,गमकक्रिया (५३),रूपकम्
59,kāsīviśālāksīm,kāmbhoji,aṭa,काशीविश्वेश्वर,काम्भोजि (२८),अट
60,[SYNCED] कुमारस्वामिनम्,asāveri,Unknown,कुमारस्वामिनम्,असावेरि (द),आदि
61,kumbheśvarāya namaste,kalyāṇi,miśra cāpu,कुम्भेश्वराय नमस्ते,कल्याणि (६५),मिश्र चापु
62,kumbheśvarāya namaste,kedāram,rūpakam,कुम्भेश्वराय नमस्ते,केदारम् (२९),रूपकम्
63,kumbheśvareṇa,kalyāṇi,ādi,कुम्भेश्वरेण,कल्याणि (६५),आदि
64,kusumākaravimānārūdhām,āhiri,adi,कुसुमाकरविमानारूढाम्,आहिरी (२०),आदि
65,kusumākaraśobhita,kusumākaram,miśra cāpu,कुसुमाकरशोभित,कुसुमाकरम् (७१),रूपकम् ३३
66,kṛsnānandamukundamurāre,gaulipantu,Unknown,कृष्णानन्दमुकुन्दमुरारे,गौळिपन्तु (१५),मिश्र चापु
67,kailāsanāthena,kāmbhoji,miśra cāpu,कैलासनाथेन,काम्भोजि (२८),मिश्र चापु
68,kailāsanātham,vegavāhini,ādi,कैलासनाथम्,वेगवाहिनि (१६),आदि
69,kodanḍarāmam,kokilāravam,Unknown,कोदण्डरामम्,कोकिलारवम् (११),आदि
70,kaumārī gaurī,gaurīvelāvali,ādi,कौमारी गौरी,गौरीवेळावळि (२३),आदि
71,gange mām pāhi,juñjūti,khẩn dịa ekam,गङ्गे मां पाहि,जुञ्जुटि (२८),खण्ड एकम्
72,gajādhīśādanyam,nā,miśra cāpu,गजाधीशादन्यम्,नाटकुरञ्जि (२८),मिश्र चापु
73,gajānanayutam,vegavāhini,caturaśra ekam,गजाननयुतम्,वेगवाहिनि (१६),चतुरश्र एकम्
74,gajānanāya namaste,śaṅkarābharanaṃ,rūpakam,गजाननाय नमस्ते,शङ्कराभरणम् (२१),रूपकम्
75,gajāmbā nāyako,juṃjūti,miśra cāpu,गजाम्बा नायको,जुंजूटि (२८),मिश्र चापु
76,vāṇīramaṇānandam varadam vadane dviradam varabāla guruguham,rudrapriyā,ādi,गणनायकम्,रुद्रप्रिया (२२),आदि
77,gaṇapate mahāmate,kalyāṇi,rūpakam,गणपते महामते,कल्याणि (६५),रूपकम्
78,gaṇarājena,āarabhi,miśra cāpu,गणराजेन,आरभि (२१),मिश्र चापु
79,gaṇeśakumāra,juṃjūti,caturaśra ekam,गणेशकुमार,जुंजूटि (२८),चतुरश्र एकम्
80,gānalole,nāgavarāḷi,miśra capu,गानलोले,नागवराळि (८),मिश्र चपु
81,girijayā ajayā,śaṅkarābharaṇam,ādi,गीतिचक्ररथस्थितायै,शङ्कराभरणम् (२१),आदि
82,gīticakrarathasthitāyai,kannaḍa,miśra cāpu,107,कन्नड (२८),मिश्र चापु
83,guṇijanādinuta,gurjjari,ādi,गुरुगुहपदपङ्कज,गुज्जरि (१५),आदि
84,guruguhapadapankaja,śaṅkarābharaṇam,miśra cāpu,गुरुगुहभवान्तरङ्गिणीम्,शङ्कराभरणम् (२९),तिस्र एकम्
85,guruguhabhavāntarangiņim,caturangiṇi,Unknown,[SYNCED] guruguhabhavāntarangiņim,चतुरङ्गिणि (६६),मिश्र चापु
86,guruguha sarasija,śaṅkarābharaṇam,caturaśra ekam,गुरुगुहस्वामिनि,शङ्कराभरणम् (२१),चतुरश्र एकम्
87,guruguhasvāmini,bhānumati,Unknown,गुरुगुहादन्यम्,भानुमति (४),खण्ड त्रिपुट
88,guruguhādanyam,balahamsa,jhampa,गुरुगुहादन्यम्,बलहंस (२८),झम्प
89,gurumūrte,sāma,ādi,गुरुमूर्ते,साम (२१),आदि
90,gurumūrte,śaṅkarābharanaṃ,rūpakam,116,शङ्कराभरणम् (२१),रूपकम्
91,gokarṇeśvara pāhi,saurāṣṭram,ādi,गोपालकृष्णाय नमस्ते,सौराष्ट्रम् (१५),आदि
92,gopālakṛṣṇāya namaste,kāmbhoji,Unknown,गोवर्धनगिरीशम्,काम्भोजि (२८),आदि
93,Unknown,hindolam,rūpakam,Unknown,हिन्दोळम् (२०),रूपकम्
94,govindarajāya,suraṭi,rūpakam,गोविन्दराजाय,सुरटि (२८),Unknown
95,govindarājena,mecabauli,Unknown,गोविन्दराजेन,मेचबौळि (१५),रूपकम्
96,[SYNCED] गोविन्दराजमुपास्महे,mukhāri,miśra cāpu,गोविन्दराजमुपास्महे,मुखारि (२०),मिश्र चापु
97,gauri girirājakumāri,gauri,Unknown,शिवाकारमञ्जे परशिवपर्यङ्कविहारे,गौरि (१५),रूपकम्
98,[SYNCED] १८ गौरीशाय नमस्ते,āarabhi,triputa,१८ गौरीशाय नमस्ते,आरभि (२१),त्रिपुट
99,candram bhaja mānasa,asāveri,matyam,चन्द्रं भज मानस,असावेरि (८),मट्यम्
100,[SYNCED] चन्द्रशेखरम्,māraghindolam,ādi,चन्द्रशेखरम्,मार्गहिन्दोळम् (२०),आदि
101,cidambaranatarājam,kedāram,Unknown,चिदम्बरनटराजम्,केदारम् (२९),आदि
102,cidambaranatarājamūrtim,tanukīrti,miśra cāpu,चिदम्बरनटराजमूर्तिम्,तनुकीर्ति (६),मिश्र चापु
103,cidambareśvaram,dhunibhinnasāḍjam,ādi,चिदम्बरेश्वरम्,धुनिभिन्नषड्जम् (९),आदि
104,cintaya mākantamūlakandam,bhairavi,rūpakam,चिन्तय माकन्तमूलकन्दम्,भैरवि (२०),रूपकम्
105,cintaye mahālingamūrtim,paraju,ādi,चिन्तये महालिङ्गमूर्तिम्,परजु (१५),आदि
106,cinyaye’ham sadā,śaṅkarābharaṇam,caturaśra ekam,चिन्ययेऽहं सदा,शङ्कराभरणम् (२१),चतुरश्र एकम्
107,cetahśrībālakṛṣṇam,jujāvanti,rūpakam,चेतःश्रीबालकृष्णम्,जुजावन्ति (२८),रूपकम्
108,chāyāvatīm,chāyāvati,ādi,छायावतीम्,छायावति (१७),आदि
109,jagadīśa guruguha,śaṅkarābharanaṃ,caturaśra ekam,जगदीश गुरुगुह,शङ्कराभरणम् (२१),चतुरश्र एकम्
110,jagadīśamanohari,īśamanohari,rūpakam,जगदीशमनोहरि,ईशमनोहरि (२८),रूपकम्
111,jambūpate,yamunākalyāṇi,rūpakam,जम्बूपते,यमुनाकल्याणि (६५),रूपकम्
112,jayati śivā bhavānī,bhavāni,rūpakam,जयति शिवा भवानी,भवानि (४४),रूपकम्
113,tārakeśvara,śaṅkarābharanaṃ,Unknown,तारकेश्वर,शङ्कराभरणम् (२१),आदि
114,tiruvatīśvaram,gamakakriyā,rūpakam,तिरुवटीश्वरम्,गमकक्रिया (५३),रूपकम्
115,tyāgarāja pālayAśu,gaula,ādi,त्यागराज पालयाशु,गौळ (१५),आदि
116,tyāgarāja mahadhvajāroha,śrī,rūpakam,त्यागराज महध्वजारोह,श्री (२२),आदि
117,tyāgarājayogavaibhavam,ānandabhairavi,Unknown,त्यागराजयोगवैभवम्,आनन्दभैरवि (२०),रूपकम्
118,tyāgarājādanyam na jāne,darbār,ādi,त्यागराजादन्यं न जाने,दर्बार् (२२),आदि
119,tyāgarājāya namaste,begāḍa,rūpakam,त्यागराजाय नमस्ते,बेगड (२१),रूपकम्
120,tyāgarāje,sāraṅgā,jhampa,त्यागराजे,सारङ्गा (६५),झम्प
121,tyāgarājena samrakṣito'ham,sālagabhairavi,ādi,त्यागराजेन संरक्षितोऽहम्,साळगभैरवि ४६ (२२),Unknown
122,tyāgarājo virājate,aṭhāṇa,rūpakam,त्यागराजो विराजते,अठाण (२८),रूपकम्
123,tyāgarājam bhaja re,yadukulakāmbhoji,miśra cāpu$^{50}$,त्यागराजं भज रे,यदुकुलकाम्भोजि (२८),मिश्र चापु५०
124,tyāgarājam bhaje’ham,nīlāmbari,rūpakam,त्यागराजं भजेऽहम्,नीलाम्बरि (२९),रूपकम्
125,tyāgeśam bhaja re,rudrapriya,ādi,त्यागेशं भज रे,रुद्रप्रिय (२२),आदि
126,tripurasundari namostu te,devamanohari,Unknown,त्रिपुरसुन्दरि नमोस्तु ते,देवमनोहरि (२२),आदि
127,tripurasundari śaṅkari,sāma,rūpakam,त्रिपुरसुन्दरि शङ्करि,साम (२१),रूपकम्
128,trilocanamohinīm,bhairavi,ādi,त्रिलोचनमोहिनीम्,भैरवि (२०),आदि
129,daṇḍanāthayā rakṣito’ham,khamās,ādi,दण्डनाथया रक्षितोऽहम्,खमास् (२८),आदि
130,daṇḍāyudhapāṇim,ānandabhairavi,rūpakam,दण्डायुधपाणिम्,आनन्दभैरवि (२०),रूपकम्
131,daksiṇāmūrte,śaṅkarābharanaṃ,jhampa,दक्षिणामूर्ते,शङ्कराभरणम् (२१),झम्प
132,dāśarathe,śaṅkarābharana,rūpakam,दाशरथे,शङ्कराभरणम् (२१),तिस्र एकम्
133,dākṣāyaṇi,toḍi,Unknown,दाक्षायणि,तोडि (द),रूपकम्
134,divākaratanujam śanaíscaram,yadukulakāmbhoji,caturaśra ekam,दिवाकरतनुजं शनैश्चरम्,यदुकुलकाम्भोजि (२८),चतुरश्र एकम्
135,dinabandho,śaṅkarābharaṇam,Unknown,दीनबन्धो,शङ्कराभरणम् (२१),तिश्र एकम्
136,devi jagadīśvari,bhairavi,rūpakam,देवि जगदीश्वरि,भैरवि (२०),रूपकम्
137,dharmasamvardhani,madhyamāvati,rūpakam,धर्मसंवर्धन,मध्यमावति (२२),रूपकम्
138,nandagopāla,yamunākalyāṇi,miśra cāpu,नन्दगोपाल,यमुनाकल्याणि (६५),आदि
139,nabhomanicandrāgninayanam,nabhomani,Unknown,नभोमणिचन्द्राग्निनयनम्,नभोमणि (४०),मिश्र चापु
140,namaste paradevate,devarāñji,tiśra ekam,नमस्ते परदेवते,देवराज्ञि (१५),तिश्र एकम्
141,namo namaste gīrvāṇi,mohanam,Unknown,नरसिंहाऽऽगच्छ,मोहनम् (६५),चापु
142,"narasimhā""gaccha",jayaśuddhamāḷavi,triputa,नरहरिमाश्रयामि,जयशुद्धमाळवि (१८),त्रिपुट
143,naraharimāśrayāmi,nāmadeśi,triputa,नर्मदाकावेरी,नामदेशि (५०),त्रिपुट
144,narmadākāverī,gamakakriyā,khẩn da ekam,नवरत्नमालिनीम्,गमकक्रिया (५३),खण्ड एकम्
145,navaratnamālinīm,navaratnavilāsam,Unknown,नवरत्नविलासविभवप्रदे,नवरत्नविलासम् (२०),Unknown
146,navaratnavilāsavibhavaprade,nāgagāndhāri,ādi,नागगान्धारीरागनुते,नागगान्धारि (२०),आदि
147,nāgagāndhārīrāganute,mohanam,Unknown,नागलिङ्गं नमामि,मोहनम् (६५),आदि
148,nāgalingam namāmi,śaṅkarābharaṇam,ādi,नागलिङ्गं भजेऽहम्,शङ्कराभरणम् (२९),Unknown
149,nāgalingam bhaje’ham,nāgābharaṇam,Unknown,नागाभरणम्,नागाभरणम् (३०),आदि
150,nāgābharanaṃ,niṣadam,miśra cāpu,निषदादि,निषदम् (६०),मिश्र चापु
151,niṣadādi,hindolam,rūpakam,नीरजाक्षि कामाक्षि,हिन्दोळम् (२०),रूपकम्
152,nīrajākṣi kāmākṣi,vasan,rūpakam,नीलकण्ठ महादेव,वसन्त (१५),रूपकम्
153,nīlantha mahādeva,nādarāmakriya,Unknown,नीलकण्ठाय नमो नमस्ते,नादरामक्रिय (१५),मिश्र चापु
154,nīlakanthāya namo namaste,kedāragauḷa,rūpakam,नीलकण्ठं भजेऽहम्,केदारगौळ (२८),रूपकम्
155,nīlakantham bhaje'ham,nīlāmbari,khẩn dịa ekam,नीलाङ्गम्,नीलाम्बरि (२९),Unknown
156,nīlāṅgam,sumadyuti,ādi,नीलाचलनाथम्,सुमद्युति (५७),आदि
157,nīlācalanātham,nārāyaṇagaula,Unknown,नीलोत्पलाम्बा जयति,नारायणगौळ (२१),मिश्र चापु
158,nīlotpalāmbā jayati,nārīritigala,miśra cāpu,नीलोत्पलाम्बाम्,नारीरीतिगळ (२०),Unknown
159,nīlotpalāmbām,kannaḍagaula,ādi,नीलोत्पलाम्बिकया,कन्नडगौळ (२२),आदि
160,nīlotpalāmbikāyām,pūrvagaula,rūpakam,नीलोत्पलाम्बिकायाम्,पूर्वगौळ (२१),रूपकम्
161,nīlotpalāmbikāyāh param,gaula,rūpakam,नीलोत्पलाम्बिकायाः परम्,गौळ (१५),रूपकम्
162,nīlotpalāmbikāyāstava,māyāmālavagaula,miśra cāpu,नीलोत्पलाम्बिकायास्तव,मायामाळवगौळ (१५),मिश्र चापु
163,nīlotpalāmbikāyai,kedāragauḷa,ādi,नीलोत्पलाम्विकायै,केदारगौळ (२८),आदि
164,nīlotpalāmbike,chāyāgaula,rūpakam,नीलोत्पलाम्बिके,छायागौळ (१५),रूपकम्
165,nī sāti daivamentuledani,śrīrañjani,rūpakam,नी साटि दैवमेन्तुलेदनि,श्रीरञ्जनि (२२),रूपकम्
166,paṅkajamukha,śaṅkarābharaṇam,tiśra ekam,पङ्कजमुख,शङ्कराभरणम् (२९),तिश्र एकम्
167,pañcamātaṅgamukhagaṇapatiinā,malahari,rūpakam,पञ्चमातङ्गमुखगणपतिना,मलहरि (१५),रूपकम्
168,pañcabhūtakiraṇāvalim,kiraṇāvali,khẩn da ekam,पञ्चभूतकिरणावलिम्,किरणावलि (२१),खण्ड एकम्
169,pañcāśatpīṭharūpiṇi,devagāndhāram,ādi,पञ्चाशत्पीठरूपिणि,देवगान्धारम् (२२),आदि
170,pannagaśayana padmanābha,madhyamāvati,ādi,पन्नगशयन पद्मनाभ,मध्यमावति (२२),आदि
171,paradevatā bhṛhatkucāmbā,dhanyāsi,ādi,परदेवता बृहत्कुचाम्बा,धन्याशि (२०),आदि
172,paradevate namaste,ānandabhairavi,ādi,परदेवते नमस्ते,आनन्दभैरवि (२०),आदि
173,paradevate bhaktapūjite,huśāni,ādi,परदेवते भक्तपूजिते,हुशानि (२२),आदि
174,paradevate bhaktabhavamodini,śaṅkarābharaṇam,ādi,परदेवते भक्तभवमोदिनि,शङ्कराभरणम् (२१),रूपकम्
175,paramásivātmajam,yamunākalyāṇ(65) i,adi,परमशिवात्मजम्,यमुनाकल्याण (६५) इ,आदि
176,parameśvara jagadīśvara,calanāṭa,Unknown,परमेश्वर जगदीश्वर,चलनाट (३६),आदि
177,parameśvareṇa,pūrvavarāḷi,ādi,परमेश्वरेण,पूर्ववराळि (३),आदि
178,parāśakti iśvari,gaurivelāvali,ādi,पराशक्ति ईश्वरि,गौरिवेलावलि (२३),आदि
179,parāśaktim,rudrapriya,ādi,पराशक्तिम्,रुद्रप्रिय (२२),आदि
180,parimalaṟaṅganātham,hamīr kalyāṇi,rūpakam,परिमळरङ्गनाथम्,हमीर् कल्याणि (६५),Unknown
181,parimalaraṅganātham,hamīr kalyāni,rūpakam,परिमळरङ्गनाथम्,हमीर् कल्याणि,रूपकम्
182,paramjyotiṣmatī pārvatī,jyoti,ādi,परंज्योतिष्मती पार्वती,ज्योति (६८),आदि
183,paramdhāmavatī,dhāmavati,rūpakam,पर्वतराजकुमारि,धामवति (५९),रूपकम्
184,parvatarājakumāri,śrīrañjani,ādi,पर्वतवर्धनि पाहिमाम्,श्रीरञ्जनि (२२),आदि
185,parvatavardhani pāhimām,sāma,adi,219,साम (२१),आदि
186,pavanātmajāgaccha,calanāṭa,jhampa,पवनात्मजागच्छ,चलनाट (३६),झम्प
187,pavanātmajam,śaṅkarābharanaṃ,Unknown,पवनात्मजम्,शङ्कराभरणम् (२९),आदि
188,śukaśaunakāditoṣita śivapantuvarāli rāgapriyamaticaturam,śivapantuvarāli,ādi,पशुपतीश्वरम्,शिवपन्तुवराळि (४५),आदि
189,pāmarajanapālini,sumadyuti,rūpakam,पामरजनपालिनि,सुमद्युति (५७),रूपकम्
190,pārvatīkumāram,nā,rūpakam,पार्वतीकुमारम्,नाटकुरञ्जि (२८),रूपकम्
191,pārvatīpatim,hamsadhvani,adi,पार्वतीपतिम्,हंसध्वनि (२१),आदि
192,pārvatīpate,śaṅkarābharanaṃ,Unknown,पार्वतीपते,शङ्कराभरणम् (२९),चतुरश्र एकम्
193,pārvatīśvareṇa,bhūṣāvati,ādi,पार्वतीश्वरेण,भूषावति (६४),Unknown
194,pālaya mām parameśvari,taraṅgiṇi,Unknown,पालय मां परमेश्वरि,तरङ्गिणि (२६),रूपकम्
195,pālaya mām pārvatīśa,kannaḍa,rūpakam,पालय मां पार्वतीश,कन्नड (२८),रूपकम्
196,pālaya mām brhadīśvara,nāyaki,rūpakam,पालय मां बृहदीश्वर,नायकि (२२),रूपकम्
197,pālaya mām bhradīśvari,toḍi,rūpakam,पालय मां बृहदीश्वरि,तोडि (८),रूपकम्
198,pāhi durge,śaṅkarābharanaṃ,caturaśra ekam,पाहि दुर्गे,शङ्कराभरणम् (२१),चतुरश्र एकम्
199,pāhi mām janakīvallabha,śaṅkarābharaṇam,rūpakam,पाहि मां जनकीवल्लभ,शङ्कराभरणम् (२१),तिश्र एकम्
200,pāhi mām pārvati parameśvari,mohanam,ādi,पाहि मां पार्वति परमेश्वरि,मोहनम् (६५),रूपकम्
201,pāhi mām ratnācalanāyaka,mukhāri,tiśra ekam,पाहि मां रत्नाचलनायक,मुखारि (२०),आदि
202,pītavarṇam,śaṅkarābharaṇam,Unknown,पीतवर्णम्,शङ्कराभरणम् (२१),तिश्र एकम्
203,puraharanandana,hamīr kalyāṇi,ādi,पुरहरनन्दन,हमीर् कल्याणि (६५),आदि
204,pūrṇacandrabimbavijayavadane,sāman,Unknown,प्रणतार्तिहराय नमस्ते,सामन्त (३०),आदि
205,praṇatārtiharāya namaste,nāyaki,ādi,प्रणतार्तिहरम्,नायकि (२२),आदि
206,praṇatārtiharam,nādarāmakriya,cāpu,प्रत्यङ्गिराभगवतीम्,नादरामक्रिय (१५),चापु
207,pratyangirābhagavatīm,vātīvasan,Unknown,प्रसन्नवेङ्कटेश्वरम्,वाटीवसन्तमैरवि (१४),त्रिपुट
208,prasannaveṅkateśvaram,suraṭi,rūpakam,बालकुचाम्बिके,सुरटि (२८),रूपकम्
209,bālakucāmbike,gopikāvasan,Unknown,बालकृष्णं भावयामि,गोपिकावसन्तम् (२०),Unknown
210,bālakṛṣṇam bhāvayāmi,bhairavi,ādi,बालगोपाल,भैरवि (२०),आदि
211,bālagopāla,suraṭi,Unknown,बालसुब्रह्मण्यम्,सुरटि (२८),आदि
212,bālasubrahmaṇyam,śrīrañjani,ekam,बालाम्बिकया,श्रीरञ्जनि (२२),एकम्
213,bālāmbikayā,kedāragaula,rūpakam,बालाम्बिकायाः तव,केदारगौळ (२८),रूपकम्
214,bālāmbikāyāh tava,kānḍa,ādi,बालाम्बिकायाः परम्,कानड (२२),आदि
215,bālāmbikāyāh param,nā,rupakam,[SYNCED] bālāmbikāyāh param,नाटकुरञ्जि (२८),रुपकम्
216,bālāmbikāyai,manorañjani,mathyam,बालाम्बिके पाहि,मनोरञ्जनि (५),मद्यम्
217,bālāmbike pāhi,nā,jhampa,बुधमाश्रयामि सततम्,नाटकुरञ्जि (२८),झम्प
218,budhamāśrayāmi satatam,bhānumati,ādi,बृहदम्बा मदम्बा,भानुमति (४),आदि
219,brhadambā madambā,vasan,cāpu,बृहदम्बिकायै,वसन्त (१५),चापु
220,brhadambikāyai,jīvantikā,rūpakam,बृहदीशकटक्षेण,जीवन्तिका (४८),रूपकम्
221,brhadīśakaṭākṣeṇa,śaṅkarābharana,ādi,बृहदीश्वराय,शङ्कराभरणम् (२१),आदि
222,brhadīśvarāya,gānasāmavarāḷi,rūpakam,बृहदीश्वरो रक्षतु,गानसामवराळि (३),रूपकम्
223,brhadīśvaro raksatu,nāgadhvani,ādi,बृहदीश्वरं भज रे,नागध्वनि (२१),आदि
224,brhadīśvaram bhaja re,lali,Unknown,बृहदीश्वरीं भजरे,ललितपञ्चमम् (१४),आदि
225,brhadīśvarīm bhajare,āndhāli,ādi,बृहन्नायकि वरदायकि,आन्धाळि (२८),आदि
226,bhannāyaki varadāyaki,aṭhāṇa,triputa,बृहस्पते तारापते,अठाण (२८),त्रिपुट
227,bhaspate tārāpate,kalyāṇi,ādi,ब्रह्मविद्याम्बिके,कल्याणि (६५),आदि
228,brahmavidyāmbike,vaṃśavati,ādi,भक्तवत्सलम्,वंशवति (५४),आदि
229,bhaktavatsalam,kalyāṇi,Unknown,भजरे रे चित्त,कल्याणि (६५),मिश्र चापु
230,bhajare re citta,devamanohari,rūpakam,भारति,देवमनोहरि (२२),रूपकम्
231,bhārati,bhūṣāvati,rūpakam,भूषापतिम्,भूषावति (६४),रूपकम्
232,bhūsāpatim,bhūṣāvati,rūpakam,भूषावतीम्,भूषावति (६४),रूपकम्
233,bhūsāvatīm,bhogacchāyanāṭa,ādi,भोगच्छायानाटकप्रिये,भोगच्छायनाट (३४),Unknown
234,bhogacchāyānāṭakapriye,dhanyāsi,rūpakam,मङ्गळदेवतया,धन्याशि (२०),रूपकम्
235,maṅgaḷadevatayā,mārgadeśi,ādi,मङ्गळदेवते,मार्गदेशि (१५),आदि
236,maṅgaladevate,mālavaśrī,jhampa,मङ्गळाम्बायै नमस्ते,माळवश्री (२२),झम्प
237,maṅgalāmbāyai namaste,vasan,Unknown,मङ्गळं जयमङ्गळम्,वसन्त (१५),आदि
238,maṅgaḷaṃ jayamaṅgaḷam,bhinnapañcamam,ādi,मत्स्यावतार,भिन्नपञ्चमम् (३),आदि
239,matsyāvatāra,paraju,cāpu,मधुराम्बा जयति,परजु (१५),चापु
240,madhurāmbā jayati,devakriya,Unknown,मधुराम्बा संरक्षतु,देवक्रिय (२८),आदि
241,madhurāmbā samraksatu,begāda,miśra cāpu,मधुराम्बाया:,बेगड (२९),मिश्र चापु
242,madhurāmbāyāh,s,ādi,मधुराम्बां भज रे,स्तवराजम् (४४),आदि
243,madhurāmbām bhaja re,deśiśimhāravam,Unknown,मधुराम्बिकायाम्,देशीसिंहारवम् (५८),रूपकम्
244,madhurāmbikāyām,vasan,adi,मरकतलिङ्गम्,वसन्त (१५),आदि
245,marakatalingam,kāmbhoji,ādi,मरकतवल्लीम्,काम्भोजि (२८),आदि
246,marakatavallim,nāṭa,caturaśra ekam,महागणपतिम्,नाट (३६),चतुरश्र एकम्
247,mahāgaṇapatim,toḍi,Unknown,महागणपतिं वन्दे,तोडि (द),रूपकम्
248,mahāgaṇapatim vande,naṭanārāyaṇi,ādi,महागणपते,नटनारायण (२८),आदि
249,mahāgaṇapate,madhyamāvati,rūpakam,महात्रिपुरसुन्दरी,मध्यमावति (२२),रूपकम्
250,mahātripurasundarī,devamanohari,ādi,महादेवेन,देवमनोहरि (२२),आदि
251,mahādevena,mādhavamanohari,Unknown,महालक्ष्मी करुणारसलहरि,माधवमनोहरि (२२),आदि
252,mahālakshmi karunārasalahari,aṭhāṇa,ādi,महालिङ्गेश्वराय,अठाण (२८),आदि
253,mahālingeśvarāya,paraju,ādi,महालिङ्गेश्वरम्,परजु (१५),आदि
254,mahāsuram ketumaham bhajāmi,cāmaram,rūpakam,महासुरं केतुमहं भजामि,चामरम् (५६),रूपकम्
255,mahisāsuramardini,gaula,khẩn dịa căpu,महिषासुरमर्दिनि,गौळ (१५),खण्ड चापु
256,mahisāsuramardinīm,nārāyaṇi,miśra cāpu,महिषासुरमर्दिनीम्,नारायणि (२१),मिश्र चापु
257,mātaŋgi marakatāngi,dhau,rūpakam,मातङ्गि मरकताङ्गि,धौतपञ्चमम् (६९),रूपकम्
258,mātaṅgi śrīrājarājeśvari,ramāmanohari,rūpakam,मातङ्गि श्रीराजराजेश्वरि,रमामनोहरि (५२),रूपकम्
259,mādhavo mām pātu,ānandabhairavi,miśra cāpu,मानसगुरुगुह,आनन्दभैरवि (२०),रूपकम्
260,mānasaguruguha,maṇiraṅgu,miśra cāpu,मामव पट्टाभिराम,मणिरङ्गु (२२),मिश्र चापु
261,māmava pattābhirāma,varāli,miśra cāpu,मामव मीनाक्षि,वराळि (३१),मिश्र चापु
262,māmava mīnāksi,māhuri,Unknown,मामव रघुवीर,माहुरि (२८),मिश्र चापु
263,māmava raghuvīra,dhanyāsi,miśra cāpu,मायूरनाथम्,धन्याशि (२०),मिश्र चापु
264,māye citkale,śaṅkarābharaṇam,Unknown,माये चित्कले,शङ्कराभरणम् (२९),तिस्र एकम्
265,māye tvam yāhi,tarangini,ādi,माये त्वं याहि,तरङ्गिणि (२६),आदि
266,mārakotikotilāvaṇya,āarabhi,Unknown,मारकोटिकोटिलावण्य,आरभि (२९),झम्प
267,māratipriyam,ratipriya,ādi,माररतिप्रियम्,रतिप्रिय (६२),आदि
268,māruvakādimālini,māruva,ādi,[SYNCED] māruvakādimālini,मारुव (१५),आदि
269,mārgasahāyeśvaram,kāśirāmakriya,miśra cāpu,मार्गसहायेश्वरम्,काशीरामक्रिय (५१),मिश्र चापु
270,mārgahindoḷarāgapriye,māraghindolam,ādi,मार्गहिन्दोळरागप्रिये,मार्गहिन्दोळम् (२०),आदि
271,mīnāksi me mudam,gamakakriyā,ādi,मीनाक्षि मे मुदम्,गमकक्रिया (५३),आदि
272,mucukundavarada,śaṅkarābharaṇam,rūpakam,मुचुकुन्दवरद,शङ्कराभरणम् (२९),तिस्र एकम्
273,muraharena mukundena,śuddhamukhāri,ādi,मुरहरेण मुकुन्देन,शुद्धमुखारि (१),रूपकम्
274,mūlādhāracakravināyaka,śrī,Unknown,मूलाधारचक्रविनायक,श्री (२२),आदि
275,mohananātarāgapriye,mohananāṭa,ādi,मोहननाटरागप्रिये,मोहननाट (९),आदि
276,raktagaṇapatim,mohanam,ādi,रक्तगणपतिम्,मोहनम् (६५),आदि
277,raṅganāyakam,nāyaki,ādi,रङ्गनायकम्,नायकि (२२),आदि
278,rangapuravihāra,brndāvanasāraṅga,Unknown,रङ्गपुरविहार,वृन्दावनसारङ्ग (२२),रूपकम्
279,rājagopālam,mohanam,rūpakam,राजगोपालम्,मोहनम् (६५),Unknown
280,rājarājendracola,guṇḍakriya,triputa,राजराजेन्द्रचोल,गुणडक्रिय (१५),त्रिपुट
281,rājīvalocanam,śaṅkarābharaṇam,Unknown,राजीवलोचनम्,शङ्कराभरणम् (२१),तिश्र एकम्
282,rāmakrṣṇena samrakṣitoham,sahāna,ādi,रामकृष्णेन संरक्षितोहम्,सहान (२२),आदि
283,rāmacandrabhaktam,geyahejjajji,Unknown,रामचन्द्रभक्तम्,गेयहेज्जज्जि (१३),आदि
284,rāmacandrasya dāso’ham,dhāmavati,ādi,रामचन्द्रस्य दासोऽहम्,धामवति (५९),आदि
285,rāmacandrādanyam,dhanyāsi,khẩn dịa căpu,रामचन्द्रादन्यम्,धन्याशि (२०),खण्ड चापु
286,rāmacandrāya namaste,toḍi,Unknown,रामचन्द्राय नमस्ते,तोडि (८),मिश्र चापु
287,rāmacandrena samrakṣito'ham,mānji,rūpakam,२१० रामचन्द्रेण संरक्षितोऽहम्,माञ्जि (२०),रूपकम्
288,rāmacandram bhāvayāmi,vasan,rūpakam,328,वसन्त (१५),रूपकम्
289,rāmacandram rājīvākṣam,śaṅkarābharaṇam,tiśra ekam,रामचन्द्रं राजीवाक्षम्,शङ्कराभरणम् (२१),चतुरश्र एकम्
290,rāma janārdana,śaṅkarābharaṇam,Unknown,रामनाथं भजेऽहम्,शङ्कराभरणम् (२९),तिश्र एकम्
291,rāmanātham bhaje’ham,kāśirāmakriya,rūpakam,331,काशीरामक्रिय (५१),रूपकम्
292,rāmarāma kalikaluṣavirāma,rāmakali,rūpakam,२१५ रामराम कलिकलुषविराम,रामकलि (१५),रूपकम्
293,rāme bharatapālita,jyoti,rūpakam,रामे भरतपालित,ज्योति (६८),खण्ड चापु
294,rudrakopajāta,rudrapriya,ādi,रूपमु जूचि,रुद्रप्रिय (२२),रूपकम्
295,rūpamu jūci,toḍi,Unknown,रूपमु जूचि (चौक वर्णम्),तोडि (८),आदि
296,reṇukādevi samraksito'ham,kannaḍabaṅgāla,jhampa,लम्बोदराय नमस्ते,कन्नडबझाळ (१५),झम्प
297,lambodarāya namaste,varāli,khẩn dịa căpu,ललितापरमेश्वरी,वराळि (३९),खण्ड चापु
298,lalitāparameśvarī,suraṭi,ādi,ललिताम्बिकाम्,सुरटि (२८),आदि
299,lalitāmbikām,devakriya,ādi,[SYNCED] lalitāmbikām,देवक्रिय (२८),आदि
300,lalitāmbikāyai,bhairavi,miśra cāpu,ललिताम्बिकायै,भैरवि (२०),मिश्र चापु
301,vadānyeśvaram,devagāndhāri,Unknown,वदान्येश्वरम्,देवगान्धारि (२९),आदि
302,vande mīnāksi,śaṅkarābharaṇam,caturaśra ekam,वन्दे मीनाक्षि,शङ्कराभरणम् (२१),चतुरश्र एकम्
303,varadarāja pahi,śaṅkarābharaṇam,Unknown,वरदराज पहि,शङ्कराभरणम् (२१),तिश्र एकम्
304,varadarājamupāsmahe,sāraṅga,rūpakam,वरदराजमुपास्महे,सारङ्ग (६५),रूपकम्
305,varadarājā’vāva,gangā,rūpakam,वरदराजाऽवाव,गङ्गातरङ्गिणि (३३),रूपकम्
306,varalakṣmīṃ bhaja,saurāṣṭram,Unknown,वरलक्ष्मीं भज,सौराष्ट्रम् (१५),आदि
307,varaśivabālam,śaṅkarābharaṇam,caturaśra ekam,वरशिवबालम्,शङ्कराभरणम् (२१),चतुरश्र एकम्
308,vallabhānāyakasya,begāḍa,rūpakam,वल्लभानायकस्य,बेगड (२१),रूपकम्
309,vāgdevi māmava,śaṅkarābharanaṃ,caturaśra ekam,वाग्देवि मामव,शङ्कराभरणम् (२९),चतुरश्र एकम्
310,vātāpigaṇapatim bhaje'ham,haṃsadhavi,Unknown,वातापिगणपतिं भजेऽहम्,हंसध्वनि (२१),आदि
311,vāmāṅkasthitayā,aṭhāṇa,khẩn da ekam,वामाङ्कुस्थितया,अठाण (२८),खण्ड एकम्
312,vārāhīm vaisṇavīm,vegavāhini,Unknown,वाराहीं वैष्णवीं,वेगवाहिनि (१६),चापु
313,vāsudevamupāsmahe,mālavāpañcamam,rūpakam,वासुदेवमुपास्महे,माळवापञ्चमम् (१५),रूपकम्
314,vighneśvaram,malahari,ādi,विघ्नेश्वरम्,मलहरि (१५),आदि
315,vināyaka,vegavāhini,rūpakam,विनायक,वेगवाहिनि (१६),रूपकम्
316,viśālāksīm,kāśirāmakriya,triputa,विशालाक्षीं,काशीरामक्रिय (५१),त्रिपुट
317,viśvanāthena,sāman,ādi,विश्वनाथेन,सामन्त (३०),आदि
318,viśvanātham bhaje’ham,naṭābharanaṃ,ādi,विश्वनाथं भजेऽहम्,नटाभरणम् (१०),आदि
319,viśveśvaro raksatu mām,kānanda,ādi,विश्वेश्वरो रक्षतु माम्,कानड (२२),आदि
320,vīṇāpustakadhāriṇīm,vehavāhini,Unknown,वीणापुस्तकधारिणीम्,वेहवाहिनि (१६),खण्ड एकम्
321,vīṇābheriveṇuvādyādi,ābheri,ādi,वीणाभेरिवेणुवाद्यादि,आमेरि (२०),आदि
322,vīravasanta tyāgarāja,vīravasan,Unknown,वीरवसंत त्यागराज,वीरवसन्तम (२४),आदि
323,vīrahanumate namo namah,karṇāṭaka kāpi,rūpakam,वीरहनुमते नमो नमः,कर्णाटक कापि ८९ (२२),रूपकम्
324,veṅkaṭācalapate,karṇāṭaka kāpi,ādi,[SYNCED] veṅkaṭācalapate,कर्णाटक कापि (२२),आदि
325,veṅkaṭeśvarayādavabhūpatim,megharañjani,rūpakam,वेङ्कटेश्वरयादवभूपतिम्,मेघरञ्जनि (१५),रूपकम्
326,vedapurīśvaram,dhanyāsi,adi,वेदपुरीश्वरम्,धन्याशि (२०),आदि
327,vedāraṇyeśvarāya,toḍi,ādi,वेदारण्येश्वराय,तोडि (द),आदि
328,vamśavati śivayuvati,vaṃśavati,ādi,वंशवति शिवयुवति,वंशवति (५४),आदि
329,śaktisahitagaṇapatim,śaṅkarābharaṇam,ādi,शक्तिसहितगणपतिम्,शङ्कराभरणम् (२१),तिश्र एकम्
330,śaṅkaranārāyaṇam,nārāyaṇadeśākṣi,rūpakam,शङ्करनारायणम्,नारायणदेशाक्षि (२१),Unknown
331,śaṅkaramabhirāmīmanoharam,manohari,tiśra ekam,शङ्करमभिरामीमनोहरम्,मनोहरि (३३),रूपकम्
332,śaṅkaravara,śaṅkarābharaṇam,rūpakam,शङ्करवर,शङ्कराभरणम् (२९),तिस्र एकम्
333,śaṅkhacakragadāpāṇim,pūrṇacandrika,rūpakam,शङ्खचक्रगदापाणिम्,पूर्णचन्द्रिक (२९),रूपकम्
334,śaravaṇabhavaguruguham,revagupti,Unknown,शरवणभवगुरुगुहं,रेवगुप्ति (१५),रूपकम्
335,śarāvatitatavāsinī,śarāvatī,rūpakam,शरावतीतटवासिनी,शरावती (२५),रूपकम्
336,śālivātīśvaram,devagandhari,ādi,शालिवाटीश्वरम्,देवगन्धरि (२१),आदि
337,śivakāmīpatim,nā,ādi,शिवकामीपतिम्,नाटकुरञ्जि (२८),आदि
338,śivakāmeśvaram,āarabhi,ādi,शिवकामेश्वरम्,आरभि (२९),आदि
339,śivakāmeśvarīm,kalyāṇi,ādi,शिवकामेश्वरीम्,कल्याणि (६५),आदि
340,śivakāyārohaṇeśāya,rudrapriya,rūpakam,शिवकायारोहणेशाय,रुद्रप्रिय (२२),रूपकम्
341,śrīngārasamañjarīm,rasamañjari,rūpakam,शृङ्गाररसमञ्जरीम्,रसमञ्जरि (७२),रूपकम्
342,śrīngāraśaktyāyudhadhara,ramāmanohari,jhampa,शृङ्गारशक्यायुधधर,रमामनोहरि (५२),झम्प
343,śrṅgāradinavarasāṅgī,dhavalāṅgam,Unknown,शृङ्गारदिनवरसाङ्गी,धवळाङ्गम् (४९),खण्ड एकम्
344,śesācalanāyakam,varāli,rūpakam,शेषाचलनायकम्,वराळि (३९),रूपकम्
345,śailarājakumāri,śailadeśākṣi,ādi,शैलराजकुमारि,शैलदेशाक्षि (३५),आदि
346,śaileśvaram,sumadyuti,ādi,शैलेश्वरम्,सुमद्युति (५७),आदि
347,śaurividhinute,śaṅkarābharaṇam,caturaśra ekam,शौरिविधिनुते,शङ्कराभरणम् (२९),चतुरश्र एकम्
348,śyāmalāngi,śyāmaḷam,ādi,श्यामळाङ्गि,श्यामळम् (५५),आदि
349,śyāmaḷe mīnākṣi,śaṅkarābharanaṃ,caturaśra ekam,श्यामळे मीनाक्षि,शङ्कराभरणम् (२१),चतुरश्र एकम्
350,śrī abhayāmbā,śrī,ādi,श्री अभयाम्बा,श्री (२२),आदि
351,śrīkamalāmbā jayati,āhiri,rūpakam,श्रीकमलाम्बा जयति,आहिरि (२०),रूपकम्
352,śrīkamalāmbikayā,śaṅkarābharaṇam,tripuṭa,श्रीकमलाम्बिकया,शङ्कराभरणम् (२१),रूपकम्
353,śrīkamalāmbikāyām,sahāna,Unknown,श्रीकमलाम्बिकायाम्,सदान (२२),त्रिपुट
354,śrīkamalāmbāyāh param,bhairavi,jhampa,श्रीकमलाम्बायाः परम्,भैरवि (२०),झम्प
355,śrīkamalāmbike’vāva,ghaṇṭa,ādi,श्रीकमलाम्बिकेऽवाव,घण्ट (२०),Unknown
356,śrīkamalāmbike,śrī,ādi,श्रीकमलाम्बिके,श्री (२२),खण्ड एकम्
357,śrīkāntimām,deśīsimhāramam,Unknown,श्रीकान्तिमतीम्,देशीसिम्हारवम् (५८),Unknown
358,śrīkālahastīśa,huśāni,jhampa,श्रीकालहस्तीश,हुशानि (२२),झम्प
359,śrīkṛṣṇaṃ bhaja mānasa,toḍi,ādi,श्रीकृष्णं भज मानस,तोडि (द),आदि
360,śrīkṛṣṇaṃ bhaja re,rūpavati,rūpakam,श्रीकृष्णं भज रे,रूपवति (१२),रूपकम्
361,śrīkṛṣṇo mām rakṣatu,nāsāmaṇi,rūpakam,श्रीकृष्णो मां रक्षतु,नासामणि (७०),रूपकम्
362,śrīgaṇanātham bhaja re,īśamanohari,rūpakam,श्रीगणनाथं भज रे,ईशमनोहरि (२८),रूपकम्
363,śrīgaṇeśātparam,ārdradeśi,jhampa,श्रीगणेशात्परम्,आर्द्रदेशि (१५),झम्प
364,śrīguruguha,devakriyā,rūpakam,श्रीगुरुगुह,देवक्रिया (२८),रूपकम्
365,śrīguruguhamūrte,udayaravicandrikā,rūpakam,श्रीगुरुगुहमूर्ते,उदयविचन्द्रिका (९),रूपकम्
366,śrīguruguhasya,pūrvvi,Unknown,श्रीगुरुगुहस्य,पूर्वि (१५),मिश्र चापु
367,śrī guruṇā pālito'smi,pāḍi,rūpakam,श्री गुरुणा पालितोऽस्मि,पाडि (१५),रूपकम्
368,śrītyāgarājasya,rudrapriya,miśra cāpu,[SYNCED] śrītyāgarājasya,रुद्रप्रिय (२२),मिश्र चापु
369,śrīdaksināmūrtimīśam,phenadyuti,Unknown,श्रीदक्षिणामूर्तिमीशम्,फेनद्युति (२),आदि
370,śrīdaksināmūrtim,aṭhāṇa,khẩn da ekam,श्रीदक्षिणामूर्तिम्,अठाण (२८),खण्ड एकम्
371,śrīduṃdurge,śrīrañjani,ekam,श्रीदुंदुर्गो,श्रीरञ्जनि (२२),एकम्
372,śrīnāthasodarīm,nabhomani,rūpakam,श्रीनाथसोदरीम्,नभोमणि (४०),रूपकम्
373,śrīnāthādiguruguho,māyāmālavagaula,ādi,श्रीनाथादिगुरुगुहो,मायामाळवगौळ (१५),आदि
374,śrīnīlotpalanāyike,nārīritigaula,rūpakam,श्रीनीलोत्पलनायिके,नारीरीतिगौळ (२०),रूपकम्
375,śrī pārthasārathinā,śuddhadhanyāsi,rūpakam,श्री पार्थसारथिना,शुद्धधन्याशि (२२),रूपकम्
376,śrīpārvatīparameśvarau,bauli,ādi,श्रीपार्वतीपरमेश्वरौ,बौळि (१५),आदि
377,śrībālasubrahmanya,bilahari,Unknown,श्रीबालसुब्रह्मण्य,बिलहरि (२१),मिश्र चापु
378,śrībhārgavī,maṅgalaikaiśikī,cāpu,श्री भार्गवी,मङ्गळकैशिकी (१५),चापु
379,śrīmaṅgalāmbikām,ghan,jhampa,श्रीमङ्गळाम्बिकाम्,घण्ट (२०),झम्प
380,śrīmaṅgalāmibike,kalyāṇi,aṭa,श्रीमङ्गळामिबिके,कल्याणि (६५),अट
381,śrīmadhurāpurivihāriṇi,bilahari,rūpakam,श्रीमधुरापुरिविहारिणि,बिलहरि (२१),रूपकम्
382,śrīmadhurāmbikayā,aṭhāṇa,cāpu,श्रीमधुराम्बिकया,अठाण (२८),चापु
383,śrīmadhurāmbike,kalyāṇi,khẩn dịa căpu,श्रीमधुराम्बिके,कल्याणि (६५),Unknown
384,śrīmahāgaṇatiravatu mām,gaula,tiśra tripuṭa,श्रीमहागणपतिरखतु माम्,गौळ (१५),तिश्र त्रिपुट
385,śrīmahārājñi,karṇāṭaka kāpi,khẩn dịa ekam,श्रीमहाराज्ञि,कर्णाटक कापि (२२),Unknown
386,śrīmātaḥ śivavāmāṅke,begaḍa,ādi,श्रीमातः शिववामाङ्के,बेगड (२१),आदि
387,śrīmātrbhūtam,kannaḍa,miśra cāpu,श्रीमीनाम्बिकायाः,कन्नड (२८),Unknown
388,śrīmīnāmbikāyāh,devagāndhāri,rūpakam,श्रीमीनाम्बिकायाः,देवगान्धारि (२९),रूपकम्
389,śrīmīnāksi gauri,gauri,rūpakam,३१२ श्रीमीनाक्षि गौरि,गौरि (१५),रूपकम्
390,śrīraṅganāthāya,dhanyāsi,rūpakam,श्री रमासरस्वती,धन्याशि (२०),रूपकम्
391,śrī ramāsarasvatī,nāsāmaṇi,ādi,[SYNCED] śrī ramāsarasvatī,नासामणि (७०),आदि
392,śrīrājagopāla,sāveri,ādi,442,सावेरि (१५),आदि
393,śrīrājarājeśvari tripurasundari,pūrṇacandrika,ādi,श्रीराजराजेश्वरि त्रिपुरसुन्दरि,पूर्णचन्द्रिक (२९),आदि
394,śrīrājarājeśvarī śrīramāmanoharī,ramāmanohari,ādi,श्रीराजराजेश्वरी श्रीरमामनोहरी,रमामनोहरि (५२),आदि
395,śrījarājeśvarīm,madhyamāvati,rūpakam,श्रीराजराजेश्वरीम्,मध्यमावति (२२),रूपकम्
396,śrīramacandro,śrīrañjani,cāpu,श्रीरामचन्द्रो,श्रीरञ्जनि (२२),चापु
397,śrīrāmaṃ ravikulābdhisomam,nārāyaṇagaula,ādi,श्रीरामं रविकुलाब्धिसोमम्,नारायणगौळ (२८),आदि
398,śrīlakṣmīvarāham,ābhogi,ādi,श्रीलक्ष्मीवराहम्,आभोगि (२२),आदि
399,śrīvatukanātha,devakriya,miśra cāpu,श्रीवटुकनाथ,देवक्रिय (२८),मिश्र चापु
400,śrī varalakṣmi namastubhyam,śrī,Unknown,श्री वरलक्ष्मि नमस्तुभ्यम्,श्री (२२),रूपकम्
401,śrīvalmīkalingam,kāmbhoji,aṭa,श्रीवल्मीकलिङ्गम्,काम्भोजि (२८),अट
402,śrīvāñchanātham,suraṭi,adi,श्रीवाञ्छनाथम्,सुरटि (२८),आदि
403,śrīvidyārājagopālam,jaganmohanam,tiśra ekam,श्रीविद्याराजगोपालम्,जगन्मोहनम् (३८),तिश्र एकम्
404,śrī viśvanatham bhaje'ham,suraṭi,ādi,श्री विश्वनथं भजेऽहम्,सुरटि (२८),आदि
405,śrīveṅkatagiriśam,kurañji,jhampa,श्रीवेणुगोपाल,कुरञ्जि (२९),Unknown
406,śrīveṇugopāla,śaṅkarābharaṇam,rūpakam,463,शङ्कराभरणम् (२१),रूपकम्
407,śrī veṇugopālam,aṭhāṇa,ādi,श्रीवैद्यनाथम्,अठाण (२८),आदि
408,śrīvaidyanātham,paraju,aṭa,श्री शुक्रभगवन्तम्,परजु (१५),अट
409,śrī śukrabhagavantam,śailadesākṣi,ādi,श्री शूलिनीम्,शैलदेसाक्षि (३५),आदि
410,śrī śūlinīm,śivapantuvarāli,rūpakam,467,शिवपन्तुवराळि (४५),रूपकम्
411,śrīsatyanārāyaṇam,āarabhi,Unknown,४१५ श्रीसरस्वति नमोऽस्तु ते,आरभि (२१),रूपकम्
412,śrīsarasvati namo'stu te,māñji,ādi,श्री सरस्वति हिते,माञ्जि (२०),आदि
413,śrī sarasvati hite,bilahari,ādi,४१७ श्री साम्बशिवम्,बिलहरि (२९),आदि
414,śrī sāmbaśivam,kun,rūpakam,श्रीसुगन्धिकुन्तलाम्बिके,कुन्तलम् (६१),रूपकम्
415,śrīsugandhikuntalāmbike,kāśirāmakriya,ādi,श्रीसुन्दरराजम्,काशीरामक्रिय (५१),आदि
416,śrīsundarājam,kāmbhoji,rūpakam,श्रीसुब्रह्मण्यय,काम्भोजि (२८),Unknown
417,śrīsubrahmanyā,toḍi,khẩn da căpu,श्रीसुब्रह्मण्यो माम्,तोडि (८),आदि
418,śrīsubrahmāṇyo mām,khamās,Unknown,४२२ श्री स्वामिनाथाय,खमास् (२८),खण्ड चापु
419,śrī svāmināthāya,rāgacūḍāmaṇi,triputa,श्वेतगणपतिम्,रागचूडामणि (३२),त्रिपुट
420,śvetagaṇapatim,āarabhi,ādi,४२४ श्वेतारण्येश्वरम्,आरभि (२९),आदि
421,śvetāraṇyeśvaram,khamās,ādi,षडानने,खमास् (२८),आदि
422,śadānane,śaṅkarābharaṇam,caturaśra ekam,नोटुस्वर साहित्यम्,शङ्कराभरणम् (२१),चतुरश्र एकम्
423,sakalasuravinuta,kumbini,ādi,सच्चिदानन्दमय,कुम्बिनी (४१),आदि
424,saccidānandamaya,bhūpālam,ādi,सदाचलेश्वरम्,भूपाळम् (९),Unknown
425,sadācaleśvaram,revagupti,rūpakam,४२९ सदाविनतसादरे,रेवगुप्ति (१५),रूपकम्
426,sadāvinatasādare,śaṅkarābharaṇam,caturaśra ekam,४३१ सदाशिवमुपास्महे,शङ्कराभरणम् (२१),आदि
427,sadāśivamupāsmahe,śaṅkarābharaṇam,Unknown,[SYNCED] sadāśivamupāsmahe,सिन्दुरामक्रिय (४५),Unknown
428,sadāśivena,sindurāmakriya,ādi,[SYNCED] sadāśivena,चामरम् (५६),रूपकम्
429,sadyojātādipañcamukhena sindurāmakriyā rāganutena,cāmaram,rūpakam,४३४ सन्ततं गोविन्दराजम्,शङ्कराभरणम् (२९),तिश्र एकम्
430,santatam govindarājam,śaṅkarābharaṇam,tiśra ekam,नोटुस्वर साहित्यम्,शङ्कराभरणम् (२१),तिश्र एकम्
431,santatam pāhi mām,śaṅkarābharaṇam,Unknown,४३६ सन्तानगोपालकृष्णम्,खमाश् (२८),रूपकम्
432,santānagopālakṛṣṇam,khamāś,rūpakam,492,सन्तानमञ्जरि (६७),आदि
433,santānamañjarī śaṅkarī,san,ādi,[SYNCED] santānamañjarī śaṅkarī,हिन्दोलवसन्तम (२०),आदि
434,santānarāmasvāminam,hindolavasan,Unknown,494,शङ्कराभरणम् (२१),तिश्र एकम्
435,santānasaubhāgya,śaṅkarābharaṇam,tiśra ekam,४४० सन्ध्यादेवीम्,देवक्रिय (२८),आदि
436,sandhyādevīm,devakriya,ādi,४४१ सरससौवीर,सौवीरम् (४७),आदि
437,sarasasauvīra,sauvīram,ādi,४४२ सरसिजनाभसोदरि,नागगान्धारि (२०),रूपकम्
438,sarasijanābhasodari,nāgagāndhāri,rūpakam,##,छायातरङ्गिणि (२८),आदि
439,sarasvatī chāyātaranginī,chāyā,ādi,[SYNCED] sarasvatī chāyātaranginī,सरस्वतिमनोहरि (२९),Unknown
440,sarasvatī manohari,sarasvatimanohari,Unknown,४४५ सरस्वती विधियुवती,हिन्दोळम् (२०),रूपकम्
441,sarasvatī vidhiyuvatī,hindolam,rūpakam,४४६ सरस्वत्या भगवत्या,छायागौळ (१५),मिश्र चापु
442,sarasvatyā bhagavatyā,chāyāgaula,miśra cāpu,४४७ साधुजनचित्त,पूर्णपञ्चमम् (१५),त्रिपुट
443,sādhujanacitta,pūrṇapañcamam,triputa,४४८ साधुजनविनुतम्,गीतप्रिया (६३),त्रिपुट
444,sādhujanavinam,gī,triputa,४४९ सामगानप्रिये,शङ्कराभरणम् (२१),तिश्र एकम्
445,sāmagānapriye,śaṅkarābharana,Unknown,४५० साम्बसदाशिवाय,काम्भोजि (२८),आदि
446,sāmbasadāśivāya,kāmbhoji,adi,४५१ सारङ्गरागप्रिये,सारङ्ग (६५),मिश्र चापु
447,sāraṅgarāgapriye,sāraṅga,miśra cāpu,४५२ सारसदळनयन,खमास् (२८),त्रिपुट
448,sārasadaḷanayana,khamās,rūpakam,रौहिणेयानुजार्चितं ईहनावर्जितम्,चामरम् (५६),रूपकम्
449,siddhivināyakam,cāmaram,miśra cāpu,चर्माम्बरधराय चन्द्रशेखराय शब्दादिपञ्चतन्मात्राधाराय,नीलाम्बरि (२९),रूपकम्
450,siddhīśvarāya,nīlāmbari,rūpakam,४५६ सुन्दरमूर्तिमाश्रयामि,टक्का (१५),रूपकम्
451,Unknown,ṭakkā,rūpakam,Unknown,शङ्कराभरणम् (२१),रूपकम्
452,mīnākṣimohitāya mokṣasākṣātkārāya,śaṅkarābharaṇam,rūpakam,शुकरहस्यप्रकाश गुरुगुहेन कृत्तिकासुत शुद्धधन्येन,शुद्धधन्याशि (२२),आदि
453,[SYNCED] सुब्रह्मण्यम्,śuddhadhanyāsi,Unknown,सुब्रह्मण्यम्,शङ्कराभरणम् (२९),चतुरश्र एकम्
454,svājñānavidāraṇapaṇḍitasādhujanam sūnitavacanam,śaṅkarābharanaṃ,caturaśra ekam,सूयमूर्त,सौराष्ट्रम् (१५),ध्रुवम्
455,*,saurāṣṭram,dhruvam,[SYNCED] *,काशीरामक्रिया (५१),आदि
456,senāpate pālaya mām sanmunigaṇādipūjitāndakara,kāśirāmakriyā,ādi,517,सैन्धवि (२२),आदि
457,mādhavasodari mahārājarājeśvari maṅgaḷavaradānakari,saindhavi,ādi,518,शुद्धवसन्तम (२१),आदि
458,[SYNCED] ४६४ सोमास्कन्दम्,śuddhavasan,tiśra ekam,४६४ सोमास्कन्दम्,शङ्कराभरणम् (२१),तिश्र एकम्
459,somasundareśvaram,śaṅkarābharaṇam,Unknown,ताळं: रूपकम्,वृन्दावनि१४५ (२२),Unknown
460,tumburunutaśrīkaṇṭhaṃ duritāpahavaikuṇṭham,bṛndāvani,rūpakam,४६६ सौरसेनेशम्,सौरसेन (२७),आदि
461,nīrajapadam nirupamānandam vārijabhavavanditam guruguham,saurasena,ādi,523,स्तवराजम् (४६),मिश्र चापु
462,stavarājā dinutabṛhadīśa tārayāśu mām dayānidhe,s,Unknown,[SYNCED] stavarājā dinutabṛhadīśa tārayāśu mām dayānidhe,रमामनोहरि (५२),रूपकम्
463,caranăm,ramāmanohari,rūpakam,[SYNCED] caranăm,चलनाट (३६),Unknown
464,[SYNCED] 526,calanāṭa,ādi,526,वृन्दावन १४९ (२२),आदि
465,svāminātha,bṛndāvani,ādi,[SYNCED] svāminātha,देशिसिंहावम्१५० (५८),रूपकम्
466,guruguha mānasarañjani guṇijananute nirañjani,deśisimhāramavam$^{150}$,rūpakam,528,वसन्त (१५),मिश्र चापु
467,hariyuvatīm,vasan,khẩn da ekam,[SYNCED] hariyuvatīm,नवरोज् (२९),Unknown
468,[SYNCED] ४७४ हाटकेश्वर,navaraj,Unknown,४७४ हाटकेश्वर,बिलहरि (२१),रूपकम्
469,[SYNCED] ४७५ हालास्यनाथम्,bilahari,rūpakam,४७५ हालास्यनाथम्,दर्बार् (२२),आदि
470,nāvādyāsādhamahotsavam natasurāsuradevaprabhāvam,darbār,ādi,४७६ हिमगिरिकुमारि,अमृतवर्षिणि (६६),आदि
471,[SYNCED] विमलहृदयकमलविकासकरि विधुवह्नि रविक्रियाशक्तिकरि,amr,ādi,विमलहृदयकमलविकासकरि विधुवह्नि रविक्रियाशक्तिकरि,रविक्रिया (४२),आदि
472,[SYNCED] ४७८ हिमाचलकुमारीम्,ravikriyā,Unknown,४७८ हिमाचलकुमारीम्,झङ्कारभ्रमरि (१९),रूपकम्१५५
473,Unknown,jhaṅkārabhramari,rūpakam,Unknown,ललित (१५),रूपकम्
474,śītakiraṇanibhavadanām śritacintāmaṇisadanām,lali,rūpakam,537,शङ्कराभरणम् (२९),तिश्र एकम्
475,he māye,śaṅkarābharaṇam,tiśra ekam,४८१ हेरम्बाय,अठाण (२८),रूपकम्
476,noṭtusvara sāhityam,aṭhāṇa,rūpakam,४८२ क्षितिजारमणम्,देवगान्धारि (२९),आदि
477,[SYNCED] ४८३ ज्ञानप्रसूनाम्बिके,devagāndhāri,Unknown,४८३ ज्ञानप्रसूनाम्बिके,कल्याणि (६५),रूपकम्
478,kṣitijāramaṇam,kalyāṇi,rūpakam,४८४ ज्ञानाम्बिके,सेनाग्रणि (७),तिश्र एकम्
479,483 jñānaprasūnāmbike,senāgraṇi,tiśra ekam,,,
